,dates,open,high,low,close,adjusted close,volume,dividend amount,tickers
0,2019-07-05,35.95,36.42,35.79,35.89,35.89,2758963.0,0.0,CFG
1,2019-07-03,35.14,35.58,34.94,35.51,35.51,1999016.0,0.0,CFG
2,2019-07-02,35.43,35.565,34.775,35.02,35.02,4293428.0,0.0,CFG
3,2019-07-01,35.79,36.295,35.27,35.6,35.6,4676769.0,0.0,CFG
4,2019-06-28,35.36,35.75,34.67,35.36,35.36,5347571.0,0.0,CFG
5,2019-06-27,34.57,35.02,34.535,34.77,34.77,3405690.0,0.0,CFG
6,2019-06-26,34.48,34.89,34.37,34.39,34.39,3707143.0,0.0,CFG
7,2019-06-25,34.38,34.52,33.76,34.34,34.34,3060627.0,0.0,CFG
8,2019-06-24,34.72,35.125,34.38,34.46,34.46,3906201.0,0.0,CFG
9,2019-06-21,34.91,35.235,34.75,34.79,34.79,5422872.0,0.0,CFG
10,2019-06-20,34.77,35.01,33.88,34.96,34.96,3969577.0,0.0,CFG
11,2019-06-19,35.53,35.93,34.59,34.67,34.67,3834183.0,0.0,CFG
12,2019-06-18,34.27,35.34,34.1,35.29,35.29,3578297.0,0.0,CFG
13,2019-06-17,35.02,35.24,34.3,34.38,34.38,1625629.0,0.0,CFG
14,2019-06-14,34.9,35.13,34.305,34.97,34.97,2701218.0,0.0,CFG
15,2019-06-13,34.98,35.17,34.7,34.88,34.88,3314625.0,0.0,CFG
16,2019-06-12,34.82,35.02,34.59,34.75,34.75,4132781.0,0.0,CFG
17,2019-06-11,34.65,35.23,34.63,34.84,34.84,2841221.0,0.0,CFG
18,2019-06-10,34.32,34.76,34.18,34.46,34.46,7128121.0,0.0,CFG
19,2019-06-07,34.26,34.28,33.805,33.86,33.86,2455515.0,0.0,CFG
20,2019-06-06,34.21,34.56,33.715,34.41,34.41,3257232.0,0.0,CFG
21,2019-06-05,34.57,34.57,33.785,34.31,34.31,3846975.0,0.0,CFG
22,2019-06-04,33.65,34.59,33.58,34.54,34.54,3276742.0,0.0,CFG
23,2019-06-03,32.48,33.41,32.36,33.1,33.1,4301472.0,0.0,CFG
24,2019-05-31,32.72,33.12,32.535,32.58,32.58,3362152.0,0.0,CFG
25,2019-05-30,33.96,34.27,33.29,33.52,33.52,2777050.0,0.0,CFG
26,2019-05-29,33.34,34.005,33.125,33.95,33.95,2929408.0,0.0,CFG
27,2019-05-28,34.26,34.47,33.75,33.76,33.76,3341370.0,0.0,CFG
28,2019-05-24,34.2,34.51,34.015,34.44,34.44,3329869.0,0.0,CFG
29,2019-05-23,34.5,34.5,33.76,34.02,34.02,4072065.0,0.0,CFG
30,2019-05-22,34.94,35.08,34.68,34.88,34.88,2069484.0,0.0,CFG
31,2019-05-21,35.19,35.495,35.08,35.27,35.27,3425351.0,0.0,CFG
32,2019-05-20,34.61,35.08,34.605,34.85,34.85,2657829.0,0.0,CFG
33,2019-05-17,34.31,35.12,34.31,34.76,34.76,3463276.0,0.0,CFG
34,2019-05-16,34.43,35.07,34.42,34.76,34.76,3301302.0,0.0,CFG
35,2019-05-15,34.42,34.555,33.725,34.21,34.21,3971849.0,0.0,CFG
36,2019-05-14,34.51,35.31,34.44,34.91,34.91,3412897.0,0.0,CFG
37,2019-05-13,35.25,35.47,34.46,34.52,34.52,4058129.0,0.0,CFG
38,2019-05-10,35.75,36.15,35.24,36.05,36.05,4004983.0,0.0,CFG
39,2019-05-09,35.28,35.94,35.08,35.82,35.82,4440337.0,0.0,CFG
40,2019-05-08,35.71,36.05,35.38,35.67,35.67,4487677.0,0.0,CFG
41,2019-05-07,36.06,36.35,35.715,35.9,35.9,3006453.0,0.0,CFG
42,2019-05-06,35.89,36.82,35.89,36.59,36.59,3381557.0,0.0,CFG
43,2019-05-03,36.42,36.89,36.33,36.8,36.8,4094728.0,0.0,CFG
44,2019-05-02,35.9,36.465,35.88,36.25,36.25,4030715.0,0.0,CFG
45,2019-05-01,36.18,36.59,35.63,35.89,35.89,5024085.0,0.0,CFG
46,2019-04-30,36.17,36.3358,35.7,36.2,36.2,5657667.0,0.32,CFG
47,2019-04-29,36.1,36.63,36.0657,36.39,36.0711,3033396.0,0.0,CFG
48,2019-04-26,35.76,36.18,35.52,35.97,35.6548,3017573.0,0.0,CFG
49,2019-04-25,35.56,36.03,35.29,35.72,35.407,2680614.0,0.0,CFG
50,2019-04-24,35.94,36.03,35.525,35.81,35.4962,3669359.0,0.0,CFG
51,2019-04-23,35.57,36.21,35.41,36.1,35.7837,5423921.0,0.0,CFG
52,2019-04-22,35.48,35.875,35.06,35.7,35.3872,7448889.0,0.0,CFG
53,2019-04-18,35.19,35.89,34.93,35.36,35.0502,7898277.0,0.0,CFG
54,2019-04-17,34.86,35.1,34.57,35.0,34.6933,6190186.0,0.0,CFG
55,2019-04-16,34.58,34.92,33.875,34.9,34.5942,5238693.0,0.0,CFG
56,2019-04-15,35.06,35.18,34.325,34.45,34.1481,3685560.0,0.0,CFG
57,2019-04-12,35.04,35.36,34.21,35.06,34.7528,4808947.0,0.0,CFG
58,2019-04-11,34.3,34.72,34.01,34.36,34.0589,5809545.0,0.0,CFG
59,2019-04-10,34.13,34.28,33.585,34.11,33.8111,5313436.0,0.0,CFG
60,2019-04-09,34.39,34.58,33.775,33.96,33.6624,4010859.0,0.0,CFG
61,2019-04-08,34.42,34.86,34.35,34.67,34.3662,2533000.0,0.0,CFG
62,2019-04-05,34.68,34.94,34.23,34.58,34.277,3839699.0,0.0,CFG
63,2019-04-04,34.02,34.985,34.02,34.7,34.3959,4368845.0,0.0,CFG
64,2019-04-03,34.54,34.84,33.99,34.15,33.8508,4978449.0,0.0,CFG
65,2019-04-02,33.74,34.33,33.5,34.01,33.712,4505264.0,0.0,CFG
66,2019-04-01,32.82,33.845,32.8,33.75,33.4543,4948956.0,0.0,CFG
67,2019-03-29,32.76,32.83,32.375,32.5,32.2152,3937972.0,0.0,CFG
68,2019-03-28,32.1,32.46,31.87,32.43,32.1458,4110396.0,0.0,CFG
69,2019-03-27,32.07,32.22,31.635,31.99,31.7097,5496999.0,0.0,CFG
70,2019-03-26,31.92,32.33,31.66,32.22,31.9377,8749330.0,0.0,CFG
71,2019-03-25,31.82,32.18,31.295,31.61,31.333,6415768.0,0.0,CFG
72,2019-03-22,33.05,33.05,31.31,31.77,31.4916,7395314.0,0.0,CFG
73,2019-03-21,34.06,34.06,33.21,33.28,32.9884,6460760.0,0.0,CFG
74,2019-03-20,35.62,35.785,34.25,34.26,33.9598,6006251.0,0.0,CFG
75,2019-03-19,36.77,36.78,35.7,35.74,35.4268,3404926.0,0.0,CFG
76,2019-03-18,36.02,36.53,36.0,36.4,36.0811,3817719.0,0.0,CFG
77,2019-03-15,35.68,36.02,35.575,35.87,35.5557,4576410.0,0.0,CFG
78,2019-03-14,35.55,35.88,35.435,35.74,35.4268,3821076.0,0.0,CFG
79,2019-03-13,35.31,35.665,35.02,35.5,35.1889,3441977.0,0.0,CFG
80,2019-03-12,35.24,35.41,34.895,35.06,34.7528,3449348.0,0.0,CFG
81,2019-03-11,34.94,35.1853,34.65,35.1,34.7924,2968683.0,0.0,CFG
82,2019-03-08,34.53,34.91,34.42,34.76,34.4554,4147203.0,0.0,CFG
83,2019-03-07,35.44,35.49,34.835,34.92,34.614,4455506.0,0.0,CFG
84,2019-03-06,36.44,36.5209,35.69,35.73,35.4169,3178889.0,0.0,CFG
85,2019-03-05,36.78,36.8394,36.02,36.54,36.2198,3525565.0,0.0,CFG
86,2019-03-04,37.06,37.5,36.51,36.85,36.5271,3609980.0,0.0,CFG
87,2019-03-01,37.22,37.58,36.78,37.0,36.6758,3402978.0,0.0,CFG
88,2019-02-28,37.15,37.17,36.84,36.94,36.6163,3530254.0,0.0,CFG
89,2019-02-27,36.8,37.09,36.53,37.03,36.7055,2860667.0,0.0,CFG
90,2019-02-26,36.83,37.17,36.57,36.69,36.3685,3734358.0,0.0,CFG
91,2019-02-25,37.6,37.68,37.04,37.04,36.7154,3694869.0,0.0,CFG
92,2019-02-22,37.28,37.36,36.85,37.23,36.9038,4017517.0,0.0,CFG
93,2019-02-21,37.7,37.73,37.105,37.23,36.9038,4322587.0,0.0,CFG
94,2019-02-20,37.01,37.7,36.765,37.66,37.33,4372749.0,0.0,CFG
95,2019-02-19,36.55,37.15,36.35,37.08,36.7551,4750645.0,0.0,CFG
96,2019-02-15,36.27,36.74,36.15,36.7,36.3784,3192836.0,0.0,CFG
97,2019-02-14,35.96,36.26,35.555,35.9,35.5854,6129854.0,0.0,CFG
98,2019-02-13,36.01,36.49,35.925,36.31,35.9918,5670317.0,0.0,CFG
99,2019-02-12,35.8,36.15,35.72,36.02,35.7044,4723228.0,0.0,CFG
100,2019-02-11,35.53,35.59,35.29,35.45,35.1394,3125765.0,0.0,CFG
101,2019-02-08,35.34,35.68,34.82,35.32,35.0105,4829186.0,0.0,CFG
102,2019-02-07,35.02,36.02,35.01,35.58,35.2682,9760577.0,0.0,CFG
103,2019-02-06,34.25,34.665,34.25,34.52,34.2175,3488190.0,0.0,CFG
104,2019-02-05,34.46,34.6,34.17,34.38,34.0788,3200292.0,0.0,CFG
105,2019-02-04,34.25,34.48,34.02,34.45,34.1481,3595780.0,0.0,CFG
106,2019-02-01,34.08,34.44,33.9,34.19,33.8904,7465247.0,0.0,CFG
107,2019-01-31,34.26,34.45,33.37,33.92,33.6228,6826208.0,0.0,CFG
108,2019-01-30,34.87,35.12,34.49,34.57,34.2671,3849194.0,0.32,CFG
109,2019-01-29,35.07,35.37,35.02,35.05,34.4242,3907509.0,0.0,CFG
110,2019-01-28,35.2,35.54,35.07,35.34,34.7091,3565550.0,0.0,CFG
111,2019-01-25,35.46,35.77,35.16,35.44,34.8073,3418886.0,0.0,CFG
112,2019-01-24,34.85,35.28,34.8,35.15,34.5224,3912922.0,0.0,CFG
113,2019-01-23,35.45,35.59,34.635,34.95,34.326,5164013.0,0.0,CFG
114,2019-01-22,35.29,35.57,34.85,35.18,34.5519,6488900.0,0.0,CFG
115,2019-01-18,34.2,35.48,33.99,35.43,34.7974,9676272.0,0.0,CFG
116,2019-01-17,33.79,34.11,33.27,33.9,33.2948,7548915.0,0.0,CFG
117,2019-01-16,33.53,34.13,33.29,33.95,33.3439,4819142.0,0.0,CFG
118,2019-01-15,32.98,33.14,32.45,33.1,32.509,4303320.0,0.0,CFG
119,2019-01-14,32.32,33.325,32.22,33.06,32.4698,6985364.0,0.0,CFG
120,2019-01-11,32.01,32.87,31.96,32.63,32.0474,6311753.0,0.0,CFG
121,2019-01-10,32.4,32.5907,31.815,32.24,31.6644,6308946.0,0.0,CFG
122,2019-01-09,32.4,32.52,31.88,32.43,31.851,4651157.0,0.0,CFG
123,2019-01-08,32.09,32.38,31.46,32.01,31.4385,4106102.0,0.0,CFG
124,2019-01-07,31.64,32.38,31.35,32.01,31.4385,7386988.0,0.0,CFG
125,2019-01-04,30.99,31.74,30.89,31.62,31.0555,4521411.0,0.0,CFG
126,2019-01-03,30.43,30.91,30.11,30.37,29.8278,4573608.0,0.0,CFG
127,2019-01-02,29.43,30.57,29.265,30.51,29.9653,4878769.0,0.0,CFG
128,2018-12-31,29.63,30.07,29.27,29.73,29.1992,5720153.0,0.0,CFG
129,2018-12-28,29.68,30.04,29.29,29.57,29.0421,5821534.0,0.0,CFG
130,2018-12-27,29.05,29.59,28.49,29.58,29.0519,6005892.0,0.0,CFG
131,2018-12-26,28.11,29.56,27.62,29.49,28.9635,6940512.0,0.0,CFG
132,2018-12-24,28.26,28.51,27.755,27.94,27.4412,4308834.0,0.0,CFG
133,2018-12-21,28.86,29.37,28.36,28.52,28.0108,10894099.0,0.0,CFG
134,2018-12-20,28.84,29.3,28.475,28.85,28.3349,6704632.0,0.0,CFG
135,2018-12-19,29.69,30.28,28.8,29.0,28.4822,6758951.0,0.0,CFG
136,2018-12-18,30.27,30.64,29.67,29.81,29.2778,7932111.0,0.0,CFG
137,2018-12-17,30.0,30.72,29.7905,30.08,29.543,6460164.0,0.0,CFG
138,2018-12-14,30.52,31.15,30.07,30.26,29.7197,5923700.0,0.0,CFG
139,2018-12-13,31.64,31.75,30.75,30.88,30.3287,6163381.0,0.0,CFG
140,2018-12-12,32.13,32.3,31.57,31.63,31.0653,5630636.0,0.0,CFG
141,2018-12-11,32.39,32.82,31.525,31.68,31.1144,6133110.0,0.0,CFG
142,2018-12-10,32.82,32.86,31.55,32.05,31.4778,7212747.0,0.0,CFG
143,2018-12-07,33.66,34.03,32.795,33.01,32.4207,5178498.0,0.0,CFG
144,2018-12-06,33.87,34.25,33.0,33.78,33.1769,7859596.0,0.0,CFG
145,2018-12-04,36.24,36.44,34.07,34.44,33.8251,7394401.0,0.0,CFG
146,2018-12-03,36.9,37.11,36.19,36.55,35.8974,5414894.0,0.0,CFG
147,2018-11-30,36.04,36.67,35.83,36.36,35.7108,5518340.0,0.0,CFG
148,2018-11-29,36.08,36.38,35.875,36.03,35.3867,4320034.0,0.0,CFG
149,2018-11-28,36.04,36.56,35.5,36.43,35.7796,4260621.0,0.0,CFG
150,2018-11-27,36.06,36.5,35.79,36.05,35.4064,4302048.0,0.0,CFG
151,2018-11-26,35.71,36.49,35.65,36.06,35.4162,7782704.0,0.0,CFG
152,2018-11-23,35.18,35.53,35.02,35.19,34.5617,1597596.0,0.0,CFG
153,2018-11-21,35.49,35.96,34.82,35.5,34.8662,3497139.0,0.0,CFG
154,2018-11-20,35.65,35.84,35.08,35.23,34.601,5510620.0,0.0,CFG
155,2018-11-19,36.27,36.59,35.515,35.95,35.3082,5897163.0,0.0,CFG
156,2018-11-16,36.31,36.53,36.09,36.26,35.6126,5821447.0,0.0,CFG
157,2018-11-15,35.9,36.58,35.51,36.58,35.9269,6490567.0,0.0,CFG
158,2018-11-14,37.82,37.92,35.91,36.21,35.5635,8901619.0,0.0,CFG
159,2018-11-13,37.62,38.21,37.58,37.69,37.0171,3582009.0,0.0,CFG
160,2018-11-12,38.0,38.29,37.56,37.62,36.9483,4984595.0,0.0,CFG
161,2018-11-09,38.16,38.56,37.84,38.06,37.3805,3382246.0,0.0,CFG
162,2018-11-08,38.03,38.64,37.75,38.3,37.6162,3891054.0,0.0,CFG
163,2018-11-07,37.91,38.25,37.255,38.14,37.4591,2674300.0,0.0,CFG
164,2018-11-06,37.55,37.98,37.38,37.73,37.0564,6468293.0,0.0,CFG
165,2018-11-05,37.44,37.88,37.29,37.73,37.0564,2738533.0,0.0,CFG
166,2018-11-02,37.79,38.17,37.11,37.52,36.8501,4679720.0,0.0,CFG
167,2018-11-01,37.6,37.89,37.21,37.41,36.7421,5536930.0,0.0,CFG
168,2018-10-31,36.75,37.92,36.73,37.35,36.6832,6488563.0,0.0,CFG
169,2018-10-30,36.14,36.39,35.55,36.33,35.6814,5997650.0,0.27,CFG
170,2018-10-29,36.4,36.74,35.77,36.16,35.2524,5344957.0,0.0,CFG
171,2018-10-26,35.57,36.11,35.29,35.86,34.96,5802118.0,0.0,CFG
172,2018-10-25,35.25,36.269,35.25,35.89,34.9892,5659597.0,0.0,CFG
173,2018-10-24,36.09,36.22,34.96,35.03,34.1508,7255869.0,0.0,CFG
174,2018-10-23,35.34,36.51,35.15,36.24,35.3304,8937134.0,0.0,CFG
175,2018-10-22,37.1,37.29,35.65,35.77,34.8722,9609252.0,0.0,CFG
176,2018-10-19,35.66,36.89,35.41,36.37,35.4572,6619841.0,0.0,CFG
177,2018-10-18,35.71,35.95,34.875,34.92,34.0435,7503627.0,0.0,CFG
178,2018-10-17,35.67,36.37,35.2,35.89,34.9892,6389587.0,0.0,CFG
179,2018-10-16,36.02,36.06,35.05,35.71,34.8137,7528129.0,0.0,CFG
180,2018-10-15,36.09,36.36,35.655,35.85,34.9502,5712834.0,0.0,CFG
181,2018-10-12,37.99,37.99,35.25,36.11,35.2037,7469577.0,0.0,CFG
182,2018-10-11,37.98,38.15,36.855,36.99,36.0616,7640074.0,0.0,CFG
183,2018-10-10,39.1,39.41,38.14,38.16,37.2022,5224447.0,0.0,CFG
184,2018-10-09,39.1,39.355,38.84,38.97,37.9919,3448236.0,0.0,CFG
185,2018-10-08,38.7,39.38,38.57,39.23,38.2454,2324787.0,0.0,CFG
186,2018-10-05,39.27,39.45,38.565,38.78,37.8067,2960894.0,0.0,CFG
187,2018-10-04,38.86,39.69,38.82,39.1,38.1186,4085140.0,0.0,CFG
188,2018-10-03,38.4,39.09,38.135,38.83,37.8554,4659220.0,0.0,CFG
189,2018-10-02,38.24,38.52,37.97,38.07,37.1145,4212245.0,0.0,CFG
190,2018-10-01,38.8,39.02,38.17,38.36,37.3972,3386078.0,0.0,CFG
191,2018-09-28,38.67,39.02,38.47,38.57,37.6019,4718790.0,0.0,CFG
192,2018-09-27,39.43,39.52,38.84,38.93,37.9529,3575758.0,0.0,CFG
193,2018-09-26,40.35,40.35,39.35,39.41,38.4208,3972137.0,0.0,CFG
194,2018-09-25,40.58,40.62,40.12,40.14,39.1325,2652038.0,0.0,CFG
195,2018-09-24,40.87,41.13,40.29,40.41,39.3958,3091095.0,0.0,CFG
196,2018-09-21,41.13,41.17,40.81,40.98,39.9514,5111482.0,0.0,CFG
197,2018-09-20,40.66,41.17,40.58,41.03,40.0002,3011926.0,0.0,CFG
198,2018-09-19,39.87,40.6,39.77,40.42,39.4055,3341687.0,0.0,CFG
199,2018-09-18,39.95,40.125,39.645,39.81,38.8108,3395024.0,0.0,CFG
200,2018-09-17,40.25,40.25,39.84,39.89,38.8888,2463969.0,0.0,CFG
201,2018-09-14,39.86,40.49,39.73,40.14,39.1325,3618437.0,0.0,CFG
202,2018-09-13,40.5,40.56,39.61,39.77,38.7718,5480323.0,0.0,CFG
203,2018-09-12,40.99,41.26,40.21,40.36,39.347,4408017.0,0.0,CFG
204,2018-09-11,40.74,41.27,40.67,41.03,40.0002,4956935.0,0.0,CFG
205,2018-09-10,41.13,41.14,40.675,40.76,39.737,1942657.0,0.0,CFG
206,2018-09-07,41.36,41.36,40.795,41.01,39.9807,3539049.0,0.0,CFG
207,2018-09-06,41.52,41.67,41.073,41.19,40.1562,2612173.0,0.0,CFG
208,2018-09-05,41.23,41.67,41.14,41.48,40.4389,3801827.0,0.0,CFG
209,2018-09-04,41.25,41.42,40.88,41.23,40.1952,2875405.0,0.0,CFG
210,2018-08-31,40.8,41.28,40.55,41.16,40.1269,2660267.0,0.0,CFG
211,2018-08-30,41.15,41.21,40.81,40.92,39.8929,3080600.0,0.0,CFG
212,2018-08-29,41.59,41.59,40.95,41.13,40.0977,3487302.0,0.0,CFG
213,2018-08-28,41.59,41.76,41.28,41.5,40.4584,3138574.0,0.0,CFG
214,2018-08-27,41.05,41.73,41.05,41.43,40.3901,2517360.0,0.0,CFG
215,2018-08-24,41.21,41.33,40.89,40.95,39.9222,3289997.0,0.0,CFG
216,2018-08-23,41.23,41.31,40.8,41.04,40.0099,2713155.0,0.0,CFG
217,2018-08-22,41.08,41.31,40.91,41.25,40.2147,2521399.0,0.0,CFG
218,2018-08-21,40.87,41.57,40.83,41.27,40.2342,3270272.0,0.0,CFG
219,2018-08-20,40.63,40.87,40.56,40.85,39.8247,2091177.0,0.0,CFG
220,2018-08-17,40.39,40.765,40.27,40.69,39.6687,2269443.0,0.0,CFG
221,2018-08-16,40.02,40.61,40.0,40.46,39.4445,3501820.0,0.0,CFG
222,2018-08-15,40.06,40.25,39.62,39.75,38.7523,4199147.0,0.0,CFG
223,2018-08-14,39.95,40.595,39.8764,40.4,39.386,3017315.0,0.0,CFG
224,2018-08-13,40.27,40.56,39.82,39.84,38.8401,2496384.0,0.0,CFG
225,2018-08-10,40.02,40.44,39.8,40.27,39.2593,2143279.0,0.0,CFG
226,2018-08-09,40.93,41.1,40.565,40.59,39.5712,2686531.0,0.0,CFG
227,2018-08-08,40.39,41.12,40.36,41.01,39.9807,2952033.0,0.0,CFG
228,2018-08-07,40.22,40.77,40.2,40.41,39.3958,3367096.0,0.0,CFG
229,2018-08-06,40.4,40.4,39.85,40.13,39.1228,3613443.0,0.0,CFG
230,2018-08-03,40.12,40.47,40.1,40.42,39.4055,4111979.0,0.0,CFG
231,2018-08-02,39.52,40.415,39.42,40.29,39.2788,3448009.0,0.0,CFG
232,2018-08-01,40.03,40.415,39.83,39.92,38.918,4074277.0,0.0,CFG
233,2018-07-31,40.02,40.07,39.41,39.78,38.7816,3591933.0,0.27,CFG
234,2018-07-30,40.24,40.33,39.9858,40.07,38.8009,4518008.0,0.0,CFG
235,2018-07-27,40.11,40.57,39.8,40.1,38.83,4102700.0,0.0,CFG
236,2018-07-26,40.0,40.57,39.905,39.96,38.6944,4712608.0,0.0,CFG
237,2018-07-25,39.97,40.14,39.53,39.92,38.6557,4642537.0,0.0,CFG
238,2018-07-24,40.62,40.66,39.87,40.04,38.7719,7864740.0,0.0,CFG
239,2018-07-23,40.11,40.77,40.11,40.53,39.2464,5402149.0,0.0,CFG
240,2018-07-20,41.1,41.22,39.76,40.2,38.9268,5895742.0,0.0,CFG
241,2018-07-19,40.94,40.99,40.2,40.66,39.3722,5817932.0,0.0,CFG
242,2018-07-18,40.07,41.07,40.07,41.04,39.7402,4275141.0,0.0,CFG
243,2018-07-17,39.98,40.41,39.91,40.04,38.7719,3965737.0,0.0,CFG
244,2018-07-16,39.61,40.24,39.52,39.98,38.7138,4278735.0,0.0,CFG
245,2018-07-13,39.4,39.72,38.95,39.36,38.1134,4342633.0,0.0,CFG
246,2018-07-12,40.13,40.15,39.4,39.57,38.3168,5138997.0,0.0,CFG
247,2018-07-11,39.8,40.28,39.71,39.79,38.5298,3094711.0,0.0,CFG
248,2018-07-10,40.6,40.825,39.795,40.04,38.7719,2984211.0,0.0,CFG
249,2018-07-09,39.54,40.665,39.44,40.5,39.2173,4627634.0,0.0,CFG
250,2018-07-06,38.97,39.53,38.71,39.35,38.1037,3668890.0,0.0,CFG
251,2018-07-05,39.27,39.51,38.96,39.18,37.9391,4981459.0,0.0,CFG
252,2018-07-03,39.39,39.7,38.93,38.96,37.7261,1695625.0,0.0,CFG
253,2018-07-02,38.7,39.41,38.65,39.38,38.1328,4336664.0,0.0,CFG
254,2018-06-29,39.85,40.25,38.84,38.9,37.668,6868665.0,0.0,CFG
255,2018-06-28,39.68,39.9,39.3,39.51,38.2587,3799043.0,0.0,CFG
256,2018-06-27,40.02,40.59,39.48,39.56,38.3071,4854455.0,0.0,CFG
257,2018-06-26,40.88,40.99,39.92,40.14,38.8687,6471380.0,0.0,CFG
258,2018-06-25,41.03,41.08,40.26,40.85,39.5562,7724411.0,0.0,CFG
259,2018-06-22,41.92,42.2,41.1,41.18,39.8758,5759636.0,0.0,CFG
260,2018-06-21,41.69,42.19,41.23,41.93,40.602,2774665.0,0.0,CFG
261,2018-06-20,42.1,42.23,41.69,41.89,40.5633,4323347.0,0.0,CFG
262,2018-06-19,41.34,41.88,41.17,41.75,40.4277,4108541.0,0.0,CFG
263,2018-06-18,41.34,42.1,41.0677,41.85,40.5246,4824871.0,0.0,CFG
264,2018-06-15,41.33,41.82,40.5,41.7,40.3793,8035203.0,0.0,CFG
265,2018-06-14,42.09,42.18,40.98,41.4,40.0888,5402873.0,0.0,CFG
266,2018-06-13,42.33,42.865,41.79,41.84,40.5149,5709188.0,0.0,CFG
267,2018-06-12,41.97,42.53,41.845,42.21,40.8732,5631754.0,0.0,CFG
268,2018-06-11,42.23,42.57,41.74,41.85,40.5246,4652557.0,0.0,CFG
269,2018-06-08,41.77,42.04,41.57,41.98,40.6504,4135600.0,0.0,CFG
270,2018-06-07,42.55,42.72,41.82,41.91,40.5827,4811018.0,0.0,CFG
271,2018-06-06,41.6,42.51,41.6,42.38,41.0378,3702134.0,0.0,CFG
272,2018-06-05,41.78,41.98,41.06,41.49,40.176,4022276.0,0.0,CFG
273,2018-06-04,41.76,42.04,41.67,41.91,40.5827,4778261.0,0.0,CFG
274,2018-06-01,41.46,42.06,41.36,41.63,40.3115,4173919.0,0.0,CFG
275,2018-05-31,40.7,41.0,40.22,40.85,39.5562,9028511.0,0.0,CFG
276,2018-05-30,40.25,40.63,39.91,40.44,39.1592,4363090.0,0.0,CFG
277,2018-05-29,40.99,41.03,39.07,39.41,38.1618,6899710.0,0.0,CFG
278,2018-05-25,41.3,41.595,41.04,41.51,40.1953,3596990.0,0.0,CFG
279,2018-05-24,41.59,41.7,40.66,41.54,40.2244,4452926.0,0.0,CFG
280,2018-05-23,42.02,42.24,41.49,41.79,40.4665,6262850.0,0.0,CFG
281,2018-05-22,41.99,42.58,41.98,42.19,40.8538,3424484.0,0.0,CFG
282,2018-05-21,41.77,42.215,41.6,41.89,40.5633,3849985.0,0.0,CFG
283,2018-05-18,42.32,42.47,41.56,41.56,40.2437,3456706.0,0.0,CFG
284,2018-05-17,42.41,42.72,42.08,42.5,41.154,3580414.0,0.0,CFG
285,2018-05-16,42.52,42.85,42.295,42.54,41.1927,2905983.0,0.0,CFG
286,2018-05-15,42.28,43.12,42.25,42.72,41.367,3501122.0,0.0,CFG
287,2018-05-14,42.62,42.65,42.16,42.34,40.999,2365776.0,0.0,CFG
288,2018-05-11,42.47,42.6,42.19,42.4,41.0571,2430286.0,0.0,CFG
289,2018-05-10,42.17,42.58,41.715,42.36,41.0184,2610287.0,0.0,CFG
290,2018-05-09,41.56,42.34,41.41,42.17,40.8344,3177045.0,0.0,CFG
291,2018-05-08,41.16,41.9,40.925,41.32,40.0113,3656366.0,0.0,CFG
292,2018-05-07,41.12,41.37,40.7,41.07,39.7693,2592934.0,0.0,CFG
293,2018-05-04,40.17,41.35,39.91,41.03,39.7305,2738923.0,0.0,CFG
294,2018-05-03,40.67,40.99,39.98,40.41,39.1302,4179914.0,0.0,CFG
295,2018-05-02,40.96,41.87,40.905,41.01,39.7112,5698569.0,0.0,CFG
296,2018-05-01,41.1,41.34,40.33,40.95,39.6531,7339348.0,0.22,CFG
297,2018-04-30,42.63,42.82,41.49,41.49,39.9613,2836105.0,0.0,CFG
298,2018-04-27,41.95,42.49,41.83,42.47,40.9052,3442211.0,0.0,CFG
299,2018-04-26,42.44,42.61,41.94,41.98,40.4332,3832061.0,0.0,CFG
300,2018-04-25,42.14,42.81,41.62,42.52,40.9533,3772948.0,0.0,CFG
301,2018-04-24,42.89,43.51,41.7,42.27,40.7125,5980792.0,0.0,CFG
302,2018-04-23,42.56,43.01,42.3,42.51,40.9437,5521116.0,0.0,CFG
303,2018-04-20,42.0,42.51,41.52,41.98,40.4332,5391458.0,0.0,CFG
304,2018-04-19,41.14,41.985,41.07,41.86,40.3176,5860660.0,0.0,CFG
305,2018-04-18,41.38,41.825,40.7,41.03,39.5182,6786859.0,0.0,CFG
306,2018-04-17,42.63,42.755,40.82,41.29,39.7686,7108337.0,0.0,CFG
307,2018-04-16,42.7,42.93,41.96,42.37,40.8088,2919064.0,0.0,CFG
308,2018-04-13,43.52,43.62,42.03,42.28,40.7222,3787183.0,0.0,CFG
309,2018-04-12,42.63,43.495,42.59,43.24,41.6468,3778529.0,0.0,CFG
310,2018-04-11,42.25,42.51,42.05,42.18,40.6258,3161856.0,0.0,CFG
311,2018-04-10,42.5,42.93,42.18,42.7,41.1267,3649184.0,0.0,CFG
312,2018-04-09,41.71,42.75,41.665,41.74,40.2021,4324145.0,0.0,CFG
313,2018-04-06,42.33,42.485,40.98,41.48,39.9516,5383223.0,0.0,CFG
314,2018-04-05,43.06,43.36,42.49,43.02,41.4349,5229441.0,0.0,CFG
315,2018-04-04,41.47,42.87,41.07,42.77,41.1941,4959172.0,0.0,CFG
316,2018-04-03,41.25,41.9663,41.075,41.81,40.2695,3581141.0,0.0,CFG
317,2018-04-02,41.94,42.0,40.45,41.1,39.5856,4659684.0,0.0,CFG
318,2018-03-29,41.82,42.17,41.42,41.98,40.4332,6672880.0,0.0,CFG
319,2018-03-28,41.8,41.97,40.8,41.55,40.0191,5276044.0,0.0,CFG
320,2018-03-27,43.25,43.42,41.2,41.59,40.0576,4969233.0,0.0,CFG
321,2018-03-26,42.03,43.225,41.71,43.12,41.5312,6161710.0,0.0,CFG
322,2018-03-23,43.1,43.23,41.185,41.27,39.7494,5119319.0,0.0,CFG
323,2018-03-22,44.29,44.53,42.865,42.95,41.3675,5373732.0,0.0,CFG
324,2018-03-21,44.77,45.56,44.53,44.92,43.2649,3592500.0,0.0,CFG
325,2018-03-20,45.19,45.42,44.69,44.77,43.1204,2044747.0,0.0,CFG
326,2018-03-19,44.86,45.06,44.27,44.91,43.2553,3142596.0,0.0,CFG
327,2018-03-16,45.08,45.65,44.85,44.87,43.2167,6239720.0,0.0,CFG
328,2018-03-15,45.37,45.46,44.76,44.96,43.3034,3121268.0,0.0,CFG
329,2018-03-14,45.86,45.91,44.99,45.13,43.4671,5004555.0,0.0,CFG
330,2018-03-13,46.47,46.55,45.625,45.73,44.045,3026226.0,0.0,CFG
331,2018-03-12,46.3,46.66,46.11,46.15,44.4496,3545309.0,0.0,CFG
332,2018-03-09,45.58,46.315,45.33,46.26,44.5555,4132302.0,0.0,CFG
333,2018-03-08,45.68,45.9,44.56,45.22,43.5538,3571023.0,0.0,CFG
334,2018-03-07,44.76,45.56,44.6,45.44,43.7657,3468164.0,0.0,CFG
335,2018-03-06,45.16,45.51,44.44,45.32,43.6501,3843548.0,0.0,CFG
336,2018-03-05,43.73,45.08,43.38,44.86,43.2071,5293323.0,0.0,CFG
337,2018-03-02,43.14,44.275,42.58,44.18,42.5522,5850779.0,0.0,CFG
338,2018-03-01,43.54,44.53,43.21,43.53,41.9261,7400863.0,0.0,CFG
339,2018-02-28,44.17,44.7,43.47,43.49,41.8876,7866285.0,0.0,CFG
340,2018-02-27,44.52,45.46,43.75,43.75,42.138,13826300.0,0.0,CFG
341,2018-02-26,46.525,46.62,43.82,44.54,42.8989,14437263.0,0.0,CFG
342,2018-02-23,45.71,46.44,45.66,46.43,44.7192,2357320.0,0.0,CFG
343,2018-02-22,46.53,46.79,45.37,45.45,43.7754,2453000.0,0.0,CFG
344,2018-02-21,45.98,46.96,45.76,46.3,44.594,4462092.0,0.0,CFG
345,2018-02-20,45.89,46.61,45.69,46.09,44.3918,4777534.0,0.0,CFG
346,2018-02-16,45.73,46.56,45.73,45.93,44.2377,2791535.0,0.0,CFG
347,2018-02-15,46.33,46.64,45.6,46.02,44.3244,3020736.0,0.0,CFG
348,2018-02-14,44.01,45.89,44.01,45.85,44.1606,6281532.0,0.0,CFG
349,2018-02-13,43.53,44.42,43.39,44.39,42.7544,3238804.0,0.0,CFG
350,2018-02-12,43.51,44.52,43.15,43.96,42.3403,4343296.0,0.0,CFG
351,2018-02-09,42.94,43.48,41.49,43.05,41.4638,6866932.0,0.0,CFG
352,2018-02-08,44.89,45.02,42.17,42.19,40.6355,4680649.0,0.0,CFG
353,2018-02-07,44.33,45.39,43.7,44.84,43.1878,6545771.0,0.0,CFG
354,2018-02-06,42.5,45.08,41.48,44.6,42.9567,8285521.0,0.0,CFG
355,2018-02-05,45.08,46.245,43.57,43.68,42.0706,5775199.0,0.0,CFG
356,2018-02-02,46.65,47.06,45.765,46.02,44.3244,6058581.0,0.0,CFG
357,2018-02-01,45.91,46.85,45.76,46.81,45.0852,6551054.0,0.0,CFG
358,2018-01-31,46.05,46.69,45.78,45.9,44.2088,4147525.0,0.22,CFG
359,2018-01-30,46.41,46.95,46.155,46.17,44.2567,3707807.0,0.0,CFG
360,2018-01-29,46.83,47.17,46.66,46.75,44.8127,3722814.0,0.0,CFG
361,2018-01-26,46.8,47.015,46.41,46.95,45.0044,3930879.0,0.0,CFG
362,2018-01-25,47.6,47.6416,46.34,46.67,44.736,5602319.0,0.0,CFG
363,2018-01-24,48.07,48.23,47.12,47.38,45.4166,6987448.0,0.0,CFG
364,2018-01-23,47.69,48.14,47.3,47.87,45.8863,3859565.0,0.0,CFG
365,2018-01-22,47.24,47.87,47.01,47.81,45.8287,4149900.0,0.0,CFG
366,2018-01-19,46.14,47.32,45.64,46.82,44.8798,7779128.0,0.0,CFG
367,2018-01-18,45.95,46.125,45.22,45.76,43.8637,6063819.0,0.0,CFG
368,2018-01-17,45.52,46.01,44.83,45.84,43.9404,3728350.0,0.0,CFG
369,2018-01-16,45.79,45.93,44.945,45.25,43.3748,2958415.0,0.0,CFG
370,2018-01-12,45.61,45.79,45.29,45.52,43.6336,2267332.0,0.0,CFG
371,2018-01-11,45.06,45.305,44.63,45.3,43.4228,3286271.0,0.0,CFG
372,2018-01-10,44.34,45.46,44.28,44.9,43.0393,2705023.0,0.0,CFG
373,2018-01-09,44.17,44.85,44.01,44.19,42.3588,4942445.0,0.0,CFG
374,2018-01-08,43.8,44.27,43.63,44.06,42.2341,4725735.0,0.0,CFG
375,2018-01-05,43.89,44.24,43.65,43.88,42.0616,7314370.0,0.0,CFG
376,2018-01-04,43.58,44.33,43.39,43.68,41.8699,6402521.0,0.0,CFG
377,2018-01-03,42.57,43.29,42.44,43.17,41.381,6188420.0,0.0,CFG
378,2018-01-02,42.35,42.68,42.02,42.68,40.9113,4410866.0,0.0,CFG
379,2017-12-29,42.44,42.66,41.95,41.98,40.2403,2507611.0,0.0,CFG
380,2017-12-28,42.43,42.46,42.1,42.44,40.6813,1459860.0,0.0,CFG
381,2017-12-27,42.45,42.52,42.15,42.36,40.6046,1788627.0,0.0,CFG
382,2017-12-26,42.63,42.92,42.34,42.52,40.758,2404011.0,0.0,CFG
383,2017-12-22,42.72,42.91,42.21,42.63,40.8634,3590347.0,0.0,CFG
384,2017-12-21,42.42,42.93,42.195,42.6,40.8346,4034127.0,0.0,CFG
385,2017-12-20,42.5,42.67,41.75,41.93,40.1924,2389762.0,0.0,CFG
386,2017-12-19,42.79,42.835,42.06,42.08,40.3362,5067068.0,0.0,CFG
387,2017-12-18,42.205,42.72,41.73,42.03,40.2883,3790138.0,0.0,CFG
388,2017-12-15,41.3,42.19,41.02,41.7,39.9719,8968604.0,0.0,CFG
389,2017-12-14,41.435,41.74,40.7,40.87,39.1763,3620718.0,0.0,CFG
390,2017-12-13,41.9,42.34,41.31,41.34,39.6269,3980666.0,0.0,CFG
391,2017-12-12,41.66,42.205,41.42,41.92,40.1828,3999985.0,0.0,CFG
392,2017-12-11,41.7,41.92,41.16,41.42,39.7035,3249604.0,0.0,CFG
393,2017-12-08,41.64,41.8,41.18,41.74,40.0103,3051161.0,0.0,CFG
394,2017-12-07,40.41,41.44,40.27,41.43,39.7131,4692245.0,0.0,CFG
395,2017-12-06,40.67,40.91,40.24,40.63,38.9463,4265187.0,0.0,CFG
396,2017-12-05,41.83,42.09,40.74,40.89,39.1955,6164635.0,0.0,CFG
397,2017-12-04,41.49,42.52,41.32,41.85,40.1157,6494481.0,0.0,CFG
398,2017-12-01,40.9,41.19,39.42,40.69,39.0038,6694642.0,0.0,CFG
399,2017-11-30,41.08,41.77,40.66,40.7,39.0134,13191012.0,0.0,CFG
400,2017-11-29,39.25,41.08,39.11,40.67,38.9846,8737030.0,0.0,CFG
401,2017-11-28,37.75,38.84,37.715,38.78,37.1729,4978685.0,0.0,CFG
402,2017-11-27,37.74,37.87,37.465,37.63,36.0706,2257051.0,0.0,CFG
403,2017-11-24,38.02,38.09,37.615,37.75,36.1856,807183.0,0.0,CFG
404,2017-11-22,38.0,38.245,37.8,37.83,36.2623,2848153.0,0.0,CFG
405,2017-11-21,38.37,38.37,37.79,37.9,36.3294,4695269.0,0.0,CFG
406,2017-11-20,38.31,38.49,38.1,38.25,36.6649,3572381.0,0.0,CFG
407,2017-11-17,37.65,38.37,37.57,38.17,36.5882,2093233.0,0.0,CFG
408,2017-11-16,38.5,38.74,37.91,37.92,36.3486,3584283.0,0.0,CFG
409,2017-11-15,37.68,38.35,37.4,38.14,36.5595,4187266.0,0.0,CFG
410,2017-11-14,37.02,38.14,36.92,38.07,36.4924,4899558.0,0.0,CFG
411,2017-11-13,36.47,37.28,36.25,37.2,35.6584,4689042.0,0.0,CFG
412,2017-11-10,36.85,37.0816,36.62,36.68,35.16,3410749.0,0.0,CFG
413,2017-11-09,36.97,37.32,36.46,36.81,35.2846,4764533.0,0.0,CFG
414,2017-11-08,37.45,37.57,36.98,37.31,35.7639,5045840.0,0.0,CFG
415,2017-11-07,38.8,38.99,37.55,37.67,36.1089,4868907.0,0.0,CFG
416,2017-11-06,38.69,38.9,38.48,38.72,37.1154,2232409.0,0.0,CFG
417,2017-11-03,38.68,39.1,38.53,38.82,37.2113,2949547.0,0.0,CFG
418,2017-11-02,38.26,38.875,37.9,38.74,37.1346,3349512.0,0.0,CFG
419,2017-11-01,38.21,38.98,38.12,38.37,36.7799,5282122.0,0.0,CFG
420,2017-10-31,37.97,38.345,37.91,38.01,36.4349,3188235.0,0.18,CFG
421,2017-10-30,38.25,38.4,37.8925,38.08,36.3299,3720625.0,0.0,CFG
422,2017-10-27,38.37,38.54,38.22,38.45,36.6829,2464170.0,0.0,CFG
423,2017-10-26,38.3,38.99,38.19,38.51,36.7402,4345223.0,0.0,CFG
424,2017-10-25,38.4,38.54,37.675,38.025,36.2774,4936729.0,0.0,CFG
425,2017-10-24,38.61,38.94,38.3,38.37,36.6066,6127548.0,0.0,CFG
426,2017-10-23,38.51,38.82,38.355,38.5,36.7306,8124599.0,0.0,CFG
427,2017-10-20,38.35,38.7,37.74,38.33,36.5684,6985947.0,0.0,CFG
428,2017-10-19,36.8,37.53,36.68,37.43,35.7098,4612911.0,0.0,CFG
429,2017-10-18,36.88,37.32,36.65,37.18,35.4713,5668667.0,0.0,CFG
430,2017-10-17,37.24,37.25,36.6,36.68,34.9943,3277828.0,0.0,CFG
431,2017-10-16,37.04,37.3082,36.92,37.05,35.3473,3366059.0,0.0,CFG
432,2017-10-13,37.0,37.335,36.51,36.98,35.2805,3742593.0,0.0,CFG
433,2017-10-12,37.54,37.68,37.04,37.16,35.4522,2868070.0,0.0,CFG
434,2017-10-11,37.58,37.74,37.18,37.45,35.7289,4003282.0,0.0,CFG
435,2017-10-10,37.34,37.86,37.275,37.81,36.0723,3643542.0,0.0,CFG
436,2017-10-09,37.6,37.81,37.14,37.31,35.5953,3664571.0,0.0,CFG
437,2017-10-06,37.31,37.68,37.07,37.49,35.767,5040926.0,0.0,CFG
438,2017-10-05,36.68,37.33,36.47,37.13,35.4236,4741830.0,0.0,CFG
439,2017-10-04,36.12,36.77,36.1,36.57,34.8893,11394777.0,0.0,CFG
440,2017-10-03,37.25,37.4,36.74,36.84,35.1469,6928770.0,0.0,CFG
441,2017-10-02,37.53,37.7,36.92,37.22,35.5094,9020795.0,0.0,CFG
442,2017-09-29,37.17,38.055,37.055,37.87,36.1296,5565538.0,0.0,CFG
443,2017-09-28,37.35,37.43,36.78,37.07,35.3663,3758596.0,0.0,CFG
444,2017-09-27,37.52,37.645,37.115,37.22,35.5094,4282351.0,0.0,CFG
445,2017-09-26,36.54,37.01,36.36,36.82,35.1278,4179905.0,0.0,CFG
446,2017-09-25,36.32,36.66,36.06,36.46,34.7844,3911987.0,0.0,CFG
447,2017-09-22,36.09,36.52,36.03,36.35,34.6794,2554698.0,0.0,CFG
448,2017-09-21,35.83,36.385,35.81,36.27,34.6031,4271103.0,0.0,CFG
449,2017-09-20,35.85,35.976,35.035,35.79,34.1452,8700210.0,0.0,CFG
450,2017-09-19,35.62,36.01,35.47,35.82,34.1738,4236117.0,0.0,CFG
451,2017-09-18,35.18,35.72,35.13,35.59,33.9543,3527879.0,0.0,CFG
452,2017-09-15,34.69,35.17,34.42,35.16,33.5441,6685750.0,0.0,CFG
453,2017-09-14,34.96,35.34,34.74,34.78,33.1816,5488006.0,0.0,CFG
454,2017-09-13,34.3,34.955,34.22,34.69,33.0957,4051115.0,0.0,CFG
455,2017-09-12,33.63,34.75,33.61,34.48,32.8954,5612065.0,0.0,CFG
456,2017-09-11,33.24,33.77,33.08,33.46,31.9222,4376739.0,0.0,CFG
457,2017-09-08,32.12,33.02,32.12,32.81,31.3021,5447335.0,0.0,CFG
458,2017-09-07,32.69,32.74,31.51,32.08,30.6057,5204050.0,0.0,CFG
459,2017-09-06,32.89,33.18,32.61,32.77,31.264,3686646.0,0.0,CFG
460,2017-09-05,33.41,33.45,32.51,32.65,31.1495,3952331.0,0.0,CFG
461,2017-09-01,33.28,33.9,33.15,33.61,32.0653,2883529.0,0.0,CFG
462,2017-08-31,33.59,33.65,33.11,33.13,31.6074,3604382.0,0.0,CFG
463,2017-08-30,33.34,33.8,33.34,33.39,31.8555,3165685.0,0.0,CFG
464,2017-08-29,32.92,33.43,32.67,33.31,31.7791,4444359.0,0.0,CFG
465,2017-08-28,33.94,33.98,33.29,33.47,31.9318,5151913.0,0.0,CFG
466,2017-08-25,34.11,34.37,33.84,33.85,32.2943,2763519.0,0.0,CFG
467,2017-08-24,32.92,33.43,32.67,33.31,31.7791,5448148.0,0.0,CFG
468,2017-08-23,33.14,34.0,33.08,33.5,31.9604,3887554.0,0.0,CFG
469,2017-08-22,32.96,33.47,32.91,33.42,31.8841,4822638.0,0.0,CFG
470,2017-08-21,33.06,33.11,32.6,32.7,31.1972,6608464.0,0.0,CFG
471,2017-08-18,32.75,33.415,32.46,33.06,31.5406,3965387.0,0.0,CFG
472,2017-08-17,33.85,33.995,32.77,32.81,31.3021,4144628.0,0.0,CFG
473,2017-08-16,34.15,34.39,33.8,33.95,32.3897,2966524.0,0.0,CFG
474,2017-08-15,34.65,34.91,33.97,33.99,32.4279,3181097.0,0.0,CFG
475,2017-08-14,33.91,34.62,33.795,34.22,32.6473,3058863.0,0.0,CFG
476,2017-08-11,33.73,34.04,33.22,33.39,31.8555,4100907.0,0.0,CFG
477,2017-08-10,34.64,34.84,33.67,33.71,32.1608,4233861.0,0.0,CFG
478,2017-08-09,34.96,35.09,34.7,35.03,33.4201,2549138.0,0.0,CFG
479,2017-08-08,35.27,36.06,35.215,35.34,33.7158,3419935.0,0.0,CFG
480,2017-08-07,35.62,35.72,35.34,35.35,33.7254,4085814.0,0.0,CFG
481,2017-08-04,35.62,36.3,35.53,35.62,33.983,3699105.0,0.0,CFG
482,2017-08-03,35.53,35.655,35.15,35.22,33.6014,4180739.0,0.0,CFG
483,2017-08-02,35.19,35.625,35.12,35.62,33.983,3555451.0,0.0,CFG
484,2017-08-01,35.37,35.4,34.965,35.22,33.6014,2970277.0,0.0,CFG
485,2017-07-31,35.0,35.27,34.835,35.08,33.4678,3425535.0,0.18,CFG
486,2017-07-28,35.04,35.21,34.75,34.94,33.1641,2692070.0,0.0,CFG
487,2017-07-27,35.25,35.51,34.695,35.04,33.259,5024644.0,0.0,CFG
488,2017-07-26,36.01,36.03,35.0,35.17,33.3824,3994990.0,0.0,CFG
489,2017-07-25,36.14,36.32,35.695,35.85,34.0278,5165852.0,0.0,CFG
490,2017-07-24,34.55,35.58,34.5,35.45,33.6481,4735604.0,0.0,CFG
491,2017-07-21,35.19,35.9,34.325,34.48,32.7274,6809356.0,0.0,CFG
492,2017-07-20,35.25,35.415,34.82,35.25,33.4583,4703760.0,0.0,CFG
493,2017-07-19,35.78,35.78,34.91,35.27,33.4773,3632187.0,0.0,CFG
494,2017-07-18,35.81,35.8868,35.29,35.59,33.781,3129739.0,0.0,CFG
495,2017-07-17,36.16,36.36,35.88,36.09,34.2556,2802476.0,0.0,CFG
496,2017-07-14,36.22,36.46,35.79,36.24,34.398,2957224.0,0.0,CFG
497,2017-07-13,36.64,36.93,36.4,36.85,34.977,2863834.0,0.0,CFG
498,2017-07-12,36.6,36.61,36.08,36.52,34.6637,3103628.0,0.0,CFG
499,2017-07-11,37.11,37.21,36.56,36.73,34.8631,3533064.0,0.0,CFG
500,2017-07-10,36.93,37.25,36.71,37.05,35.1668,4071760.0,0.0,CFG
501,2017-07-07,36.73,37.13,36.39,37.07,35.1858,4017287.0,0.0,CFG
502,2017-07-06,36.87,37.25,36.53,36.6,34.7397,4148289.0,0.0,CFG
503,2017-07-05,36.66,37.055,36.21,36.88,35.0054,5106931.0,0.0,CFG
504,2017-07-03,35.89,36.755,35.76,36.54,34.6827,2328727.0,0.0,CFG
505,2017-06-30,35.89,36.01,35.29,35.68,33.8664,3264557.0,0.0,CFG
506,2017-06-29,36.18,36.73,35.18,35.65,33.838,5572229.0,0.0,CFG
507,2017-06-28,35.18,35.65,35.1,35.34,33.5437,5179317.0,0.0,CFG
508,2017-06-27,34.92,35.28,34.72,34.84,33.0691,3570918.0,0.0,CFG
509,2017-06-26,34.6,35.0,34.4,34.66,32.8983,6662132.0,0.0,CFG
510,2017-06-23,35.14,35.21,34.05,34.49,32.7369,9024438.0,0.0,CFG
511,2017-06-22,35.14,35.2,34.535,34.98,33.202,4439895.0,0.0,CFG
512,2017-06-21,36.05,36.06,35.15,35.2,33.4108,3829279.0,0.0,CFG
513,2017-06-20,36.29,36.49,35.84,35.94,34.1132,3046395.0,0.0,CFG
514,2017-06-19,36.65,36.99,36.38,36.55,34.6922,3128049.0,0.0,CFG
515,2017-06-16,36.75,36.78,36.29,36.37,34.5214,5082566.0,0.0,CFG
516,2017-06-15,36.33,36.995,36.32,36.71,34.8441,3166570.0,0.0,CFG
517,2017-06-14,36.54,36.605,35.61,36.58,34.7207,5384254.0,0.0,CFG
518,2017-06-13,36.88,37.18,36.71,36.88,35.0054,3774454.0,0.0,CFG
519,2017-06-12,36.35,36.98,36.2,36.61,34.7492,6392409.0,0.0,CFG
520,2017-06-09,35.89,36.7399,35.87,36.34,34.4929,4730728.0,0.0,CFG
521,2017-06-08,34.53,36.03,34.39,35.62,33.8095,5822736.0,0.0,CFG
522,2017-06-07,34.05,34.71,33.81,34.52,32.7654,3641983.0,0.0,CFG
523,2017-06-06,33.64,34.08,33.4,33.86,32.1389,3274136.0,0.0,CFG
524,2017-06-05,34.18,34.48,33.97,33.98,32.2528,4939852.0,0.0,CFG
525,2017-06-02,34.18,34.4,33.76,34.13,32.3952,5802237.0,0.0,CFG
526,2017-06-01,34.27,34.7,33.97,34.5,32.7464,4069004.0,0.0,CFG
527,2017-05-31,34.34,34.39,33.49,34.1,32.3667,5641676.0,0.0,CFG
528,2017-05-30,34.42,34.51,34.12,34.25,32.5091,6637351.0,0.0,CFG
529,2017-05-26,34.51,34.82,34.34,34.64,32.8793,4865221.0,0.0,CFG
530,2017-05-25,34.7,34.97,34.45,34.57,32.8129,3952385.0,0.0,CFG
531,2017-05-24,35.19,35.19,34.45,34.63,32.8698,4131718.0,0.0,CFG
532,2017-05-23,34.68,35.29,34.41,35.09,33.3064,4375460.0,0.0,CFG
533,2017-05-22,34.79,34.96,34.291,34.57,32.8129,4214528.0,0.0,CFG
534,2017-05-19,34.69,35.01,34.43,34.57,32.8129,5268969.0,0.0,CFG
535,2017-05-18,34.32,35.03,34.32,34.46,32.7085,6094746.0,0.0,CFG
536,2017-05-17,35.48,36.07,34.35,34.57,32.8129,9940387.0,0.0,CFG
537,2017-05-16,37.09,37.31,36.72,37.08,35.1953,3484400.0,0.0,CFG
538,2017-05-15,36.72,37.08,36.63,37.02,35.1383,3529876.0,0.0,CFG
539,2017-05-12,36.8,36.8,36.0,36.65,34.7871,3326555.0,0.0,CFG
540,2017-05-11,37.04,37.175,36.51,37.0,35.1193,2625528.0,0.0,CFG
541,2017-05-10,37.05,37.25,36.83,37.21,35.3187,2499448.0,0.0,CFG
542,2017-05-09,37.41,37.69,37.02,37.18,35.2902,2613679.0,0.0,CFG
543,2017-05-08,37.02,37.62,37.02,37.36,35.461,2760631.0,0.0,CFG
544,2017-05-05,37.42,37.49,36.83,36.97,35.0909,3097201.0,0.0,CFG
545,2017-05-04,37.68,38.01,37.27,37.34,35.4421,3838626.0,0.0,CFG
546,2017-05-03,36.6,37.3,36.46,37.21,35.3187,3536923.0,0.0,CFG
547,2017-05-02,37.09,37.33,36.53,36.84,34.9675,3857299.0,0.0,CFG
548,2017-05-01,36.99,37.48,36.9,37.13,35.2427,4659405.0,0.14,CFG
549,2017-04-28,36.77,37.25,36.59,36.71,34.7132,7567031.0,0.0,CFG
550,2017-04-27,36.82,36.94,36.25,36.77,34.7699,7425976.0,0.0,CFG
551,2017-04-26,36.34,37.1,36.32,36.8,34.7983,5824552.0,0.0,CFG
552,2017-04-25,36.48,36.65,36.15,36.45,34.4673,7062782.0,0.0,CFG
553,2017-04-24,36.09,36.57,35.655,35.85,33.9,7965255.0,0.0,CFG
554,2017-04-21,35.28,35.5,34.525,34.9,33.0017,7131085.0,0.0,CFG
555,2017-04-20,34.65,35.75,34.65,35.27,33.3515,5213078.0,0.0,CFG
556,2017-04-19,34.04,34.4867,33.89,34.22,32.3586,7394225.0,0.0,CFG
557,2017-04-18,33.64,34.09,33.35,33.7,31.8669,4819030.0,0.0,CFG
558,2017-04-17,33.28,33.96,33.135,33.92,32.075,3349579.0,0.0,CFG
559,2017-04-13,33.56,34.14,33.24,33.24,31.4319,3882518.0,0.0,CFG
560,2017-04-12,34.29,34.34,33.5,33.73,31.8953,4051829.0,0.0,CFG
561,2017-04-11,34.12,34.38,33.63,34.38,32.5099,4157559.0,0.0,CFG
562,2017-04-10,34.62,35.09,34.2,34.38,32.5099,3944929.0,0.0,CFG
563,2017-04-07,34.54,34.91,34.3,34.63,32.7463,3748075.0,0.0,CFG
564,2017-04-06,34.37,35.04,34.15,34.92,33.0206,3104308.0,0.0,CFG
565,2017-04-05,35.34,35.55,34.37,34.38,32.5099,4949100.0,0.0,CFG
566,2017-04-04,34.57,35.15,34.4,34.9,33.0017,4646104.0,0.0,CFG
567,2017-04-03,34.64,35.0,34.09,34.82,32.926,5149443.0,0.0,CFG
568,2017-03-31,34.67,35.03,34.41,34.55,32.6707,5060880.0,0.0,CFG
569,2017-03-30,34.55,35.25,34.31,34.88,32.9827,5519289.0,0.0,CFG
570,2017-03-29,35.0,35.18,33.86,34.49,32.614,11159005.0,0.0,CFG
571,2017-03-28,34.08,35.29,34.05,35.03,33.1246,4379412.0,0.0,CFG
572,2017-03-27,33.45,34.31,32.99,34.24,32.3776,5075264.0,0.0,CFG
573,2017-03-24,34.79,34.93,34.02,34.51,32.6329,4923007.0,0.0,CFG
574,2017-03-23,34.3,35.27,34.06,34.57,32.6896,4736803.0,0.0,CFG
575,2017-03-22,34.12,34.9,33.45,34.43,32.5572,7066744.0,0.0,CFG
576,2017-03-21,36.52,36.61,34.21,34.36,32.491,7594756.0,0.0,CFG
577,2017-03-20,36.5,36.65,36.1,36.23,34.2593,5881912.0,0.0,CFG
578,2017-03-17,37.05,37.2,36.42,36.62,34.6281,13510146.0,0.0,CFG
579,2017-03-16,37.06,37.31,36.77,37.1,35.082,3363746.0,0.0,CFG
580,2017-03-15,37.4,37.63,36.65,36.78,34.7794,5339984.0,0.0,CFG
581,2017-03-14,37.2,37.26,36.73,37.19,35.1671,3378105.0,0.0,CFG
582,2017-03-13,37.59,37.87,37.2886,37.37,35.3373,4176324.0,0.0,CFG
583,2017-03-10,38.06,38.14,36.97,37.64,35.5926,4472991.0,0.0,CFG
584,2017-03-09,37.99,38.26,37.54,37.73,35.6777,2948870.0,0.0,CFG
585,2017-03-08,38.57,38.64,37.77,37.85,35.7912,3445588.0,0.0,CFG
586,2017-03-07,38.22,38.35,37.76,37.97,35.9047,2628290.0,0.0,CFG
587,2017-03-06,38.07,38.45,37.75,38.27,36.1883,2722995.0,0.0,CFG
588,2017-03-03,38.24,38.53,38.13,38.31,36.2262,4489447.0,0.0,CFG
589,2017-03-02,39.68,39.74,38.01,38.05,35.9803,5930197.0,0.0,CFG
590,2017-03-01,38.42,39.75,38.34,39.59,37.4365,7133705.0,0.0,CFG
591,2017-02-28,37.0,37.435,36.82,37.37,35.3373,4450208.0,0.0,CFG
592,2017-02-27,36.77,37.26,36.66,37.19,35.1671,4015415.0,0.0,CFG
593,2017-02-24,36.75,37.16,36.46,36.65,34.6565,7559256.0,0.0,CFG
594,2017-02-23,37.84,37.86,36.77,37.25,35.2238,5960935.0,0.0,CFG
595,2017-02-22,37.81,37.94,37.51,37.67,35.621,5248697.0,0.0,CFG
596,2017-02-21,38.01,38.23,37.615,38.05,35.9803,4622419.0,0.0,CFG
597,2017-02-17,37.72,37.84,37.45,37.84,35.7817,5495882.0,0.0,CFG
598,2017-02-16,38.11,38.395,37.98,38.25,36.1694,2756895.0,0.0,CFG
599,2017-02-15,38.1,38.43,37.76,38.37,36.2829,3841115.0,0.0,CFG
600,2017-02-14,36.92,38.07,36.77,37.98,35.9141,5148596.0,0.0,CFG
601,2017-02-13,36.81,37.2,36.71,36.92,34.9118,3506175.0,0.0,CFG
602,2017-02-10,36.15,36.53,36.09,36.42,34.439,3283755.0,0.0,CFG
603,2017-02-09,35.58,36.275,35.21,36.24,34.2688,5730961.0,0.0,CFG
604,2017-02-08,36.25,36.28,35.24,35.35,33.4272,8451798.0,0.0,CFG
605,2017-02-07,36.6,36.81,36.325,36.59,34.5997,3815843.0,0.0,CFG
606,2017-02-06,36.31,36.92,36.21,36.47,34.4863,4633578.0,0.0,CFG
607,2017-02-03,36.81,36.905,36.36,36.79,34.7888,3873692.0,0.0,CFG
608,2017-02-02,36.19,36.22,35.65,36.04,34.0796,4356559.0,0.0,CFG
609,2017-02-01,36.54,37.16,36.385,36.49,34.5052,4795907.0,0.0,CFG
610,2017-01-31,36.33,36.87,35.87,36.17,34.2026,4774894.0,0.14,CFG
611,2017-01-30,36.54,36.76,35.9,36.53,34.4098,4981902.0,0.0,CFG
612,2017-01-27,37.43,37.48,36.87,36.99,34.8431,4278555.0,0.0,CFG
613,2017-01-26,37.51,37.95,37.21,37.54,35.3612,4795764.0,0.0,CFG
614,2017-01-25,36.76,37.54,36.673,37.52,35.3423,5714208.0,0.0,CFG
615,2017-01-24,35.96,36.41,35.875,36.3,34.1932,6052454.0,0.0,CFG
616,2017-01-23,35.6,35.97,35.38,35.89,33.8069,4893724.0,0.0,CFG
617,2017-01-20,35.56,36.18,35.3,35.82,33.741,8164516.0,0.0,CFG
618,2017-01-19,34.93,35.425,34.41,34.73,32.7143,5737292.0,0.0,CFG
619,2017-01-18,34.36,35.02,33.8,34.99,32.9592,6386108.0,0.0,CFG
620,2017-01-17,35.83,35.91,33.97,34.12,32.1397,8472301.0,0.0,CFG
621,2017-01-13,36.2,36.98,35.9,36.29,34.1837,5200780.0,0.0,CFG
622,2017-01-12,36.1,36.14,35.165,35.92,33.8352,3961655.0,0.0,CFG
623,2017-01-11,36.17,36.37,35.84,36.27,34.1649,4273259.0,0.0,CFG
624,2017-01-10,35.88,36.37,35.8,36.28,34.1743,3730357.0,0.0,CFG
625,2017-01-09,35.63,35.83,35.15,35.68,33.6091,3035709.0,0.0,CFG
626,2017-01-06,35.91,36.08,35.71,35.91,33.8258,3623516.0,0.0,CFG
627,2017-01-05,36.02,36.255,35.225,35.72,33.6468,3725212.0,0.0,CFG
628,2017-01-04,36.03,36.25,35.83,36.17,34.0707,4354910.0,0.0,CFG
629,2017-01-03,36.44,37.08,35.56,35.86,33.7787,5046074.0,0.0,CFG
630,2016-12-30,35.34,35.67,35.15,35.63,33.562,3394322.0,0.0,CFG
631,2016-12-29,35.95,36.02,35.235,35.28,33.2324,3783589.0,0.0,CFG
632,2016-12-28,36.48,36.5188,35.88,36.0,33.9106,2837804.0,0.0,CFG
633,2016-12-27,36.39,36.56,36.17,36.46,34.3439,1936175.0,0.0,CFG
634,2016-12-23,36.02,36.33,35.91,36.33,34.2214,1896804.0,0.0,CFG
635,2016-12-22,36.02,36.16,35.86,36.0,33.9106,3788417.0,0.0,CFG
636,2016-12-21,36.05,36.1,35.695,36.02,33.9294,2900265.0,0.0,CFG
637,2016-12-20,35.72,36.13,35.58,36.08,33.9859,3430691.0,0.0,CFG
638,2016-12-19,35.3,35.42,34.861,35.37,33.3171,5258323.0,0.0,CFG
639,2016-12-16,35.71,36.05,35.12,35.32,33.27,13133350.0,0.0,CFG
640,2016-12-15,35.12,35.81,34.58,35.4,33.3454,6350220.0,0.0,CFG
641,2016-12-14,34.43,35.81,34.16,34.63,32.6201,7098408.0,0.0,CFG
642,2016-12-13,35.15,35.2,34.13,34.8,32.7802,6048221.0,0.0,CFG
643,2016-12-12,35.08,35.69,34.76,35.01,32.978,4836054.0,0.0,CFG
644,2016-12-09,35.54,35.59,34.87,35.51,33.449,4745864.0,0.0,CFG
645,2016-12-08,35.37,35.75,34.76,35.54,33.4773,6598605.0,0.0,CFG
646,2016-12-07,34.73,35.08,34.125,35.06,33.0251,6267057.0,0.0,CFG
647,2016-12-06,34.61,34.81,34.22,34.7,32.686,4585330.0,0.0,CFG
648,2016-12-05,34.55,34.75,33.89,34.15,32.1679,6612004.0,0.0,CFG
649,2016-12-02,34.54,34.54,33.81,34.15,32.1679,5881837.0,0.0,CFG
650,2016-12-01,33.87,34.91,33.83,34.38,32.3846,7613635.0,0.0,CFG
651,2016-11-30,33.05,33.7,33.05,33.51,31.5651,7345119.0,0.0,CFG
652,2016-11-29,31.96,32.585,31.86,32.39,30.5101,5712861.0,0.0,CFG
653,2016-11-28,32.14,32.36,31.69,31.78,29.9355,5531038.0,0.0,CFG
654,2016-11-25,32.39,32.46,32.25,32.46,30.576,1506994.0,0.0,CFG
655,2016-11-23,31.99,32.63,31.82,32.4,30.5195,5689655.0,0.0,CFG
656,2016-11-22,32.17,32.26,31.775,31.92,30.0674,8293926.0,0.0,CFG
657,2016-11-21,32.23,32.23,31.7,31.93,30.0768,4587275.0,0.0,CFG
658,2016-11-18,31.81,32.135,31.65,31.97,30.1145,8228335.0,0.0,CFG
659,2016-11-17,30.73,31.8,30.69,31.73,29.8884,9743724.0,0.0,CFG
660,2016-11-16,30.35,30.79,30.26,30.73,28.9464,7471522.0,0.0,CFG
661,2016-11-15,30.5,31.165,30.09,30.94,29.1442,10089906.0,0.0,CFG
662,2016-11-14,30.13,31.01,30.085,30.88,29.0877,14672007.0,0.0,CFG
663,2016-11-11,29.42,30.0,29.05,29.85,28.1175,16252822.0,0.0,CFG
664,2016-11-10,28.66,30.0,28.66,29.6,27.882,12026144.0,0.0,CFG
665,2016-11-09,27.29,28.44,27.2,28.2,26.5633,12784899.0,0.0,CFG
666,2016-11-08,26.82,27.155,26.46,26.95,25.3858,5125092.0,0.0,CFG
667,2016-11-07,26.94,27.37,26.94,27.35,25.7626,5132469.0,0.0,CFG
668,2016-11-04,26.26,26.76,25.975,26.41,24.8772,3643471.0,0.0,CFG
669,2016-11-03,26.26,26.505,26.155,26.27,24.7453,4931416.0,0.0,CFG
670,2016-11-02,26.63,26.66,25.87,26.1,24.5852,8422611.0,0.0,CFG
671,2016-11-01,26.52,26.85,26.34,26.84,25.2822,7868825.0,0.0,CFG
672,2016-10-31,26.38,26.54,26.25,26.34,24.8112,5903355.0,0.12,CFG
673,2016-10-28,26.87,26.89,26.21,26.35,24.7081,7858869.0,0.0,CFG
674,2016-10-27,27.06,27.21,26.77,26.87,25.1957,5738041.0,0.0,CFG
675,2016-10-26,26.37,26.87,26.34,26.87,25.1957,4994898.0,0.0,CFG
676,2016-10-25,26.4,26.545,26.19,26.46,24.8112,4255926.0,0.0,CFG
677,2016-10-24,26.36,26.49,26.17,26.35,24.7081,5127085.0,0.0,CFG
678,2016-10-21,25.68,26.09,25.5,25.97,24.3518,4308429.0,0.0,CFG
679,2016-10-20,25.19,25.74,25.14,25.55,23.9579,6624095.0,0.0,CFG
680,2016-10-19,24.93,25.405,24.93,25.3,23.7235,3578864.0,0.0,CFG
681,2016-10-18,24.93,24.95,24.56,24.85,23.3016,3373867.0,0.0,CFG
682,2016-10-17,24.84,25.0,24.435,24.58,23.0484,3493837.0,0.0,CFG
683,2016-10-14,24.92,25.1,24.61,24.79,23.2453,3596539.0,0.0,CFG
684,2016-10-13,24.94,24.955,24.22,24.52,22.9921,4792400.0,0.0,CFG
685,2016-10-12,24.99,25.485,24.95,25.25,23.6766,4079366.0,0.0,CFG
686,2016-10-11,25.54,25.76,24.83,24.96,23.4047,7271504.0,0.0,CFG
687,2016-10-10,25.79,25.909,25.49,25.54,23.9486,3131214.0,0.0,CFG
688,2016-10-07,25.7,25.8,25.22,25.5,23.911,4944021.0,0.0,CFG
689,2016-10-06,25.59,25.79,25.33,25.69,24.0892,3921249.0,0.0,CFG
690,2016-10-05,25.15,25.68,25.05,25.57,23.9767,5297839.0,0.0,CFG
691,2016-10-04,24.67,25.34,24.64,24.99,23.4328,5959264.0,0.0,CFG
692,2016-10-03,24.57,24.72,24.42,24.6,23.0671,3174242.0,0.0,CFG
693,2016-09-30,24.28,24.82,24.12,24.71,23.1703,6661489.0,0.0,CFG
694,2016-09-29,24.47,24.59,23.84,24.05,22.5514,5070188.0,0.0,CFG
695,2016-09-28,24.31,24.47,23.89,24.41,22.889,8700337.0,0.0,CFG
696,2016-09-27,23.9,24.33,23.81,24.31,22.7952,3868548.0,0.0,CFG
697,2016-09-26,24.19,24.27,23.84,23.96,22.467,4708061.0,0.0,CFG
698,2016-09-23,24.16,24.565,24.11,24.41,22.889,4935688.0,0.0,CFG
699,2016-09-22,24.39,24.495,24.16,24.24,22.7296,4438076.0,0.0,CFG
700,2016-09-21,24.35,24.535,24.08,24.31,22.7952,3832624.0,0.0,CFG
701,2016-09-20,24.39,24.45,23.975,24.17,22.6639,4080291.0,0.0,CFG
702,2016-09-19,24.27,24.53,24.11,24.19,22.6827,4027867.0,0.0,CFG
703,2016-09-16,24.26,24.32,23.94,24.1,22.5983,8753901.0,0.0,CFG
704,2016-09-15,24.31,24.62,24.26,24.48,22.9546,5127004.0,0.0,CFG
705,2016-09-14,24.61,24.82,24.35,24.4,22.8796,4671247.0,0.0,CFG
706,2016-09-13,24.72,24.79,24.22,24.62,23.0859,6656558.0,0.0,CFG
707,2016-09-12,24.6,25.11,24.33,25.07,23.5078,6584001.0,0.0,CFG
708,2016-09-09,24.73,25.07,24.7,24.81,23.264,7103167.0,0.0,CFG
709,2016-09-08,24.62,24.94,24.505,24.92,23.3672,4293836.0,0.0,CFG
710,2016-09-07,24.24,24.6425,24.15,24.57,23.039,3645353.0,0.0,CFG
711,2016-09-06,24.67,24.73,24.165,24.3,22.7858,4998250.0,0.0,CFG
712,2016-09-02,24.59,24.875,24.41,24.68,23.1421,4892083.0,0.0,CFG
713,2016-09-01,24.86,24.96,24.295,24.52,22.9921,4631168.0,0.0,CFG
714,2016-08-31,24.75,24.8,24.425,24.77,23.2265,6701934.0,0.0,CFG
715,2016-08-30,24.52,24.81,24.08,24.73,23.189,4555296.0,0.0,CFG
716,2016-08-29,24.2,24.69,24.18,24.46,22.9359,6644579.0,0.0,CFG
717,2016-08-26,23.7,24.16,23.64,24.12,22.617,6155047.0,0.0,CFG
718,2016-08-25,23.47,23.695,23.37,23.64,22.1669,2293573.0,0.0,CFG
719,2016-08-24,23.58,23.75,23.43,23.49,22.0263,4032565.0,0.0,CFG
720,2016-08-23,23.63,23.7599,23.505,23.53,22.0638,4698184.0,0.0,CFG
721,2016-08-22,23.56,23.62,23.37,23.5,22.0357,3139056.0,0.0,CFG
722,2016-08-19,23.31,23.62,23.2,23.58,22.1107,2948761.0,0.0,CFG
723,2016-08-18,23.46,23.595,23.32,23.39,21.9325,3797341.0,0.0,CFG
724,2016-08-17,23.32,23.54,23.3189,23.44,21.9794,4241687.0,0.0,CFG
725,2016-08-16,23.35,23.665,23.321,23.39,21.9325,4756536.0,0.0,CFG
726,2016-08-15,23.42,23.68,23.35,23.54,22.0732,4491218.0,0.0,CFG
727,2016-08-12,23.22,23.29,22.96,23.27,21.82,3080134.0,0.0,CFG
728,2016-08-11,23.29,23.52,23.1475,23.4,21.9419,3690978.0,0.0,CFG
729,2016-08-10,23.45,23.53,23.16,23.25,21.8013,3478403.0,0.0,CFG
730,2016-08-09,23.38,23.59,23.28,23.49,22.0263,5153083.0,0.0,CFG
731,2016-08-08,23.49,23.69,23.38,23.45,21.9888,5396536.0,0.0,CFG
732,2016-08-05,22.95,23.45,22.86,23.39,21.9325,7330956.0,0.0,CFG
733,2016-08-04,22.45,22.725,22.45,22.61,21.2011,5901696.0,0.0,CFG
734,2016-08-03,22.07,22.48,22.0,22.46,21.0605,4841279.0,0.0,CFG
735,2016-08-02,22.16,22.44,21.92,22.05,20.676,5918515.0,0.0,CFG
736,2016-08-01,22.25,22.525,22.12,22.2,20.8167,4848107.0,0.12,CFG
737,2016-07-29,22.37,22.7301,22.28,22.34,20.8353,4011661.0,0.0,CFG
738,2016-07-28,22.55,22.73,22.305,22.45,20.9379,6201336.0,0.0,CFG
739,2016-07-27,22.47,22.75,22.25,22.58,21.0592,8847093.0,0.0,CFG
740,2016-07-26,21.99,22.56,21.91,22.49,20.9752,6197893.0,0.0,CFG
741,2016-07-25,21.74,22.07,21.74,22.03,20.5462,5910735.0,0.0,CFG
742,2016-07-22,21.75,22.0,21.61,21.8,20.3317,6390709.0,0.0,CFG
743,2016-07-21,22.26,22.5,21.515,21.68,20.2198,12969693.0,0.0,CFG
744,2016-07-20,21.06,21.53,20.84,21.32,19.884,8470988.0,0.0,CFG
745,2016-07-19,20.77,21.18,20.77,21.03,19.6136,5204837.0,0.0,CFG
746,2016-07-18,20.94,21.08,20.74,20.98,19.5669,8284919.0,0.0,CFG
747,2016-07-15,21.14,21.27,20.95,20.98,19.5669,5157307.0,0.0,CFG
748,2016-07-14,21.0,21.36,20.82,20.99,19.5763,4670563.0,0.0,CFG
749,2016-07-13,20.37,20.605,20.21,20.56,19.1752,3949308.0,0.0,CFG
750,2016-07-12,20.45,20.69,20.36,20.44,19.0633,6519902.0,0.0,CFG
751,2016-07-11,20.03,20.225,19.94,20.12,18.7649,4953424.0,0.0,CFG
752,2016-07-08,19.79,20.01,19.525,19.85,18.513,8867130.0,0.0,CFG
753,2016-07-07,18.99,19.44,18.99,19.42,18.112,8140393.0,0.0,CFG
754,2016-07-06,18.65,19.01,18.58,18.99,17.711,7896005.0,0.0,CFG
755,2016-07-05,19.31,19.34,18.73,18.9,17.627,5693220.0,0.0,CFG
756,2016-07-01,19.88,19.91,19.38,19.65,18.3265,5723874.0,0.0,CFG
757,2016-06-30,19.77,20.12,19.63,19.98,18.6343,10744060.0,0.0,CFG
758,2016-06-29,19.25,19.59,18.86,19.52,18.2053,8301046.0,0.0,CFG
759,2016-06-28,18.91,19.28,18.615,18.97,17.6923,23334893.0,0.0,CFG
760,2016-06-27,19.56,19.56,18.34,18.44,17.198,13062459.0,0.0,CFG
761,2016-06-24,20.47,20.82,19.95,19.95,18.6063,21596271.0,0.0,CFG
762,2016-06-23,21.75,22.13,21.69,22.12,20.6301,5342832.0,0.0,CFG
763,2016-06-22,21.52,21.82,21.34,21.37,19.9307,4140742.0,0.0,CFG
764,2016-06-21,21.33,21.59,21.06,21.55,20.0985,6220181.0,0.0,CFG
765,2016-06-20,21.53,21.82,21.25,21.31,19.8747,6019362.0,0.0,CFG
766,2016-06-17,21.0,21.235,20.92,21.1,19.6788,9967994.0,0.0,CFG
767,2016-06-16,21.16,21.19,20.83,20.94,19.5296,4987969.0,0.0,CFG
768,2016-06-15,21.44,21.84,21.3,21.36,19.9213,6084902.0,0.0,CFG
769,2016-06-14,22.01,22.18,20.94,21.31,19.8747,8924669.0,0.0,CFG
770,2016-06-13,22.31,22.72,22.05,22.08,20.5928,5179736.0,0.0,CFG
771,2016-06-10,22.55,22.69,22.27,22.46,20.9472,4677612.0,0.0,CFG
772,2016-06-09,23.26,23.26,22.81,22.88,21.339,4449397.0,0.0,CFG
773,2016-06-08,23.49,23.69,23.36,23.46,21.8799,3343393.0,0.0,CFG
774,2016-06-07,23.46,23.7,23.32,23.48,21.8985,3722474.0,0.0,CFG
775,2016-06-06,23.24,23.67,23.15,23.47,21.8892,5449887.0,0.0,CFG
776,2016-06-03,22.83,23.23,22.52,23.14,21.5814,7799762.0,0.0,CFG
777,2016-06-02,23.55,23.88,23.29,23.83,22.225,3508196.0,0.0,CFG
778,2016-06-01,23.28,23.71,22.96,23.6,22.0105,3950077.0,0.0,CFG
779,2016-05-31,23.76,23.81,23.35,23.55,21.9638,6726893.0,0.0,CFG
780,2016-05-27,23.43,23.62,23.26,23.59,22.0011,3513535.0,0.0,CFG
781,2016-05-26,23.68,23.71,23.27,23.35,21.7773,4663400.0,0.0,CFG
782,2016-05-25,23.4,23.855,23.26,23.69,22.0944,6771547.0,0.0,CFG
783,2016-05-24,23.12,23.57,23.03,23.25,21.684,3165566.0,0.0,CFG
784,2016-05-23,22.97,23.11,22.72,22.97,21.4229,2941438.0,0.0,CFG
785,2016-05-20,22.99,23.41,22.86,22.98,21.4322,3933631.0,0.0,CFG
786,2016-05-19,22.94,23.485,22.62,22.9,21.3576,4818798.0,0.0,CFG
787,2016-05-18,21.74,23.14,21.74,23.13,21.5721,9873205.0,0.0,CFG
788,2016-05-17,21.59,22.09,21.46,21.82,20.3504,4167655.0,0.0,CFG
789,2016-05-16,21.42,21.9,21.3,21.71,20.2478,4284660.0,0.0,CFG
790,2016-05-13,22.0,22.22,21.25,21.4,19.9586,6519596.0,0.0,CFG
791,2016-05-12,22.36,22.47,21.6,21.76,20.2944,5748915.0,0.0,CFG
792,2016-05-11,22.36,22.63,22.19,22.2,20.7048,3672646.0,0.0,CFG
793,2016-05-10,21.94,22.52,21.82,22.36,20.854,10159336.0,0.0,CFG
794,2016-05-09,22.03,22.22,21.83,21.85,20.3783,2712382.0,0.0,CFG
795,2016-05-06,21.91,22.22,21.77,22.09,20.6022,3713931.0,0.0,CFG
796,2016-05-05,22.0,22.2,21.78,22.11,20.6208,4871171.0,0.0,CFG
797,2016-05-04,22.25,22.34,21.635,21.99,20.5089,5202137.0,0.0,CFG
798,2016-05-03,22.68,22.75,22.29,22.51,20.9939,3869215.0,0.0,CFG
799,2016-05-02,22.84,23.09,22.57,23.06,21.5068,3123289.0,0.12,CFG
800,2016-04-29,23.08,23.26,22.71,22.86,21.2099,5315033.0,0.0,CFG
801,2016-04-28,23.4,23.65,23.135,23.24,21.5625,3265875.0,0.0,CFG
802,2016-04-27,23.52,23.83,23.345,23.62,21.9151,4806546.0,0.0,CFG
803,2016-04-26,23.48,23.645,23.33,23.55,21.8501,4066126.0,0.0,CFG
804,2016-04-25,23.58,23.63,23.13,23.38,21.6924,3325856.0,0.0,CFG
805,2016-04-22,23.62,23.77,23.48,23.62,21.9151,5180593.0,0.0,CFG
806,2016-04-21,23.74,24.24,23.48,23.53,21.8316,8222281.0,0.0,CFG
807,2016-04-20,23.13,23.43,22.99,23.36,21.6738,7534540.0,0.0,CFG
808,2016-04-19,22.73,23.375,22.73,23.1,21.4326,8796360.0,0.0,CFG
809,2016-04-18,22.4,22.77,22.25,22.72,21.08,3604564.0,0.0,CFG
810,2016-04-15,22.77,22.88,22.41,22.55,20.9223,5015196.0,0.0,CFG
811,2016-04-14,22.58,23.28,22.45,22.82,21.1728,5943774.0,0.0,CFG
812,2016-04-13,21.75,22.74,21.66,22.6,20.9687,6202632.0,0.0,CFG
813,2016-04-12,21.16,21.545,21.14,21.51,19.9574,4149325.0,0.0,CFG
814,2016-04-11,21.03,21.45,21.02,21.04,19.5213,2854345.0,0.0,CFG
815,2016-04-08,20.96,21.35,20.78,20.87,19.3636,5449882.0,0.0,CFG
816,2016-04-07,21.12,21.25,20.53,20.79,19.2893,6302281.0,0.0,CFG
817,2016-04-06,20.74,21.36,20.55,21.34,19.7997,6861695.0,0.0,CFG
818,2016-04-05,21.28,21.345,20.69,20.76,19.2615,6993184.0,0.0,CFG
819,2016-04-04,21.3,21.65,21.115,21.51,19.9574,4721722.0,0.0,CFG
820,2016-04-01,20.92,21.38,20.63,21.35,19.8089,4556757.0,0.0,CFG
821,2016-03-31,21.2,21.21,20.74,20.95,19.4378,4954843.0,0.0,CFG
822,2016-03-30,21.21,21.355,20.98,21.25,19.7161,6099991.0,0.0,CFG
823,2016-03-29,21.23,21.38,20.79,21.2,19.6698,5997208.0,0.0,CFG
824,2016-03-28,21.67,21.73,21.27,21.39,19.846,3613668.0,0.0,CFG
825,2016-03-24,21.44,21.7,21.22,21.59,20.0316,3906765.0,0.0,CFG
826,2016-03-23,21.93,21.965,21.55,21.69,20.1244,3020086.0,0.0,CFG
827,2016-03-22,21.86,22.07,21.56,21.93,20.3471,3745798.0,0.0,CFG
828,2016-03-21,22.11,22.25,21.73,22.0,20.412,3721890.0,0.0,CFG
829,2016-03-18,21.93,22.24,21.76,22.08,20.4862,10236635.0,0.0,CFG
830,2016-03-17,21.5,21.815,21.13,21.73,20.1615,7425106.0,0.0,CFG
831,2016-03-16,22.01,22.55,21.58,21.61,20.0502,8255765.0,0.0,CFG
832,2016-03-15,21.82,22.22,21.63,22.19,20.5883,5750149.0,0.0,CFG
833,2016-03-14,21.81,22.16,21.6,22.09,20.4955,4860811.0,0.0,CFG
834,2016-03-11,21.34,21.935,21.29,21.91,20.3285,5958877.0,0.0,CFG
835,2016-03-10,20.88,21.23,20.58,21.01,19.4935,5182233.0,0.0,CFG
836,2016-03-09,21.1,21.23,20.56,20.7,19.2058,5653364.0,0.0,CFG
837,2016-03-08,21.26,21.26,20.53,20.92,19.41,9632262.0,0.0,CFG
838,2016-03-07,21.7,21.86,21.41,21.53,19.9759,6164007.0,0.0,CFG
839,2016-03-04,21.64,22.23,21.585,21.93,20.3471,7150182.0,0.0,CFG
840,2016-03-03,20.85,21.5599,20.82,21.44,19.8924,8729101.0,0.0,CFG
841,2016-03-02,20.24,21.095,20.16,20.96,19.4471,8907820.0,0.0,CFG
842,2016-03-01,19.33,20.28,19.315,20.27,18.8069,7856768.0,0.0,CFG
843,2016-02-29,19.66,19.8,19.18,19.23,17.842,4247957.0,0.0,CFG
844,2016-02-26,19.3,20.11,18.99,19.74,18.3151,11218643.0,0.0,CFG
845,2016-02-25,19.02,19.22,18.83,19.18,17.7956,6750619.0,0.0,CFG
846,2016-02-24,19.0,19.16,18.775,19.0,17.6286,5749510.0,0.0,CFG
847,2016-02-23,19.73,19.81,19.095,19.37,17.9718,6184355.0,0.0,CFG
848,2016-02-22,19.57,19.82,19.44,19.8,18.3708,4766951.0,0.0,CFG
849,2016-02-19,19.11,19.3,18.885,19.24,17.8512,4536115.0,0.0,CFG
850,2016-02-18,19.67,19.81,18.96,19.11,17.7306,7980708.0,0.0,CFG
851,2016-02-17,19.59,20.25,19.45,19.65,18.2316,9440450.0,0.0,CFG
852,2016-02-16,19.15,19.755,18.9,19.36,17.9626,8897699.0,0.0,CFG
853,2016-02-12,18.6,18.99,18.32,18.89,17.5265,9360754.0,0.0,CFG
854,2016-02-11,18.45,18.65,18.04,18.14,16.8306,8392723.0,0.0,CFG
855,2016-02-10,19.63,19.76,18.795,18.86,17.4987,10445868.0,0.0,CFG
856,2016-02-09,18.93,19.61,18.89,19.55,18.1389,10511868.0,0.0,CFG
857,2016-02-08,19.52,19.74,18.95,19.2,17.8141,10227045.0,0.0,CFG
858,2016-02-05,20.26,20.62,19.76,19.85,18.4172,8105887.0,0.0,CFG
859,2016-02-04,20.04,20.55,19.89,20.23,18.7698,9247739.0,0.0,CFG
860,2016-02-03,20.27,20.305,19.25,20.05,18.6028,14336067.0,0.0,CFG
861,2016-02-02,20.51,20.62,20.08,20.21,18.7512,12990517.0,0.1,CFG
862,2016-02-01,21.11,21.21,20.56,20.78,19.1851,10618374.0,0.0,CFG
863,2016-01-29,21.88,21.95,21.25,21.25,19.6191,94875312.0,0.0,CFG
864,2016-01-28,21.5,21.85,21.14,21.74,20.0715,21318123.0,0.0,CFG
865,2016-01-27,20.98,21.61,20.8,21.21,19.5821,33935356.0,0.0,CFG
866,2016-01-26,19.97,20.57,19.97,20.29,18.7327,16242092.0,0.0,CFG
867,2016-01-25,20.78,20.915,19.73,19.79,18.2711,12599250.0,0.0,CFG
868,2016-01-22,21.65,21.8,19.75,20.78,19.1851,23182214.0,0.0,CFG
869,2016-01-21,21.63,21.84,21.125,21.33,19.6929,9818577.0,0.0,CFG
870,2016-01-20,21.87,21.97,21.0,21.6,19.9422,11156408.0,0.0,CFG
871,2016-01-19,22.6,22.705,22.04,22.23,20.5239,9794335.0,0.0,CFG
872,2016-01-15,22.19,22.47,21.7,22.32,20.6069,12940826.0,0.0,CFG
873,2016-01-14,23.34,23.38,22.6,22.9,21.1424,9374018.0,0.0,CFG
874,2016-01-13,24.08,24.15,22.955,23.22,21.4379,8078080.0,0.0,CFG
875,2016-01-12,24.1,24.15,23.59,23.9,22.0657,7081660.0,0.0,CFG
876,2016-01-11,24.18,24.24,23.67,23.9,22.0657,6981390.0,0.0,CFG
877,2016-01-08,24.81,24.88,23.66,23.82,21.9918,10583671.0,0.0,CFG
878,2016-01-07,24.79,24.915,24.3,24.59,22.7027,4976747.0,0.0,CFG
879,2016-01-06,25.3,25.53,25.15,25.28,23.3398,5418826.0,0.0,CFG
880,2016-01-05,25.77,25.95,25.52,25.68,23.7091,6389320.0,0.0,CFG
881,2016-01-04,25.71,25.99,25.455,25.8,23.8199,5598680.0,0.0,CFG
882,2015-12-31,26.22,26.49,26.14,26.19,24.1799,2307032.0,0.0,CFG
883,2015-12-30,26.49,26.66,26.26,26.3,24.2815,2062938.0,0.0,CFG
884,2015-12-29,26.54,26.805,26.49,26.62,24.5769,2872003.0,0.0,CFG
885,2015-12-28,26.44,26.47,26.08,26.41,24.383,2238780.0,0.0,CFG
886,2015-12-24,26.45,26.68,26.37,26.6,24.5585,1072633.0,0.0,CFG
887,2015-12-23,26.35,26.54,26.17,26.52,24.4846,3890878.0,0.0,CFG
888,2015-12-22,26.16,26.46,25.7,26.25,24.2353,5388913.0,0.0,CFG
889,2015-12-21,26.14,26.34,25.731,26.03,24.0322,4147933.0,0.0,CFG
890,2015-12-18,26.39,26.45,25.84,25.9,23.9122,10141610.0,0.0,CFG
891,2015-12-17,26.91,27.08,26.425,26.48,24.4477,5395134.0,0.0,CFG
892,2015-12-16,26.75,27.02,25.93,26.91,24.8447,9246998.0,0.0,CFG
893,2015-12-15,26.18,26.7,26.04,26.54,24.5031,5446091.0,0.0,CFG
894,2015-12-14,25.74,25.96,25.4,25.72,23.746,5119076.0,0.0,CFG
895,2015-12-11,25.96,26.17,25.37,25.61,23.6444,6501257.0,0.0,CFG
896,2015-12-10,26.1,26.57,26.04,26.3,24.2815,3559700.0,0.0,CFG
897,2015-12-09,26.33,26.74,25.79,26.1,24.0968,6760607.0,0.0,CFG
898,2015-12-08,26.25,26.55,26.09,26.41,24.383,4656418.0,0.0,CFG
899,2015-12-07,27.1,27.17,26.365,26.51,24.4754,5337872.0,0.0,CFG
900,2015-12-04,26.69,27.14,26.46,27.12,25.0385,5481809.0,0.0,CFG
901,2015-12-03,26.83,26.84,26.38,26.47,24.4384,10031704.0,0.0,CFG
902,2015-12-02,26.75,26.86,26.46,26.64,24.5954,10319973.0,0.0,CFG
903,2015-12-01,26.81,26.87,26.28,26.5,24.4661,6002952.0,0.0,CFG
904,2015-11-30,26.43,26.65,26.255,26.63,24.5862,9725405.0,0.0,CFG
905,2015-11-27,26.23,26.5,26.145,26.39,24.3646,2250585.0,0.0,CFG
906,2015-11-25,26.13,26.28,25.937,26.26,24.2446,4382771.0,0.0,CFG
907,2015-11-24,25.64,26.15,25.51,26.13,24.1245,4961056.0,0.0,CFG
908,2015-11-23,25.97,26.18,25.67,25.74,23.7645,4369367.0,0.0,CFG
909,2015-11-20,26.31,26.31,25.87,26.02,24.023,3096774.0,0.0,CFG
910,2015-11-19,26.1,26.24,25.9,26.12,24.1153,3415426.0,0.0,CFG
911,2015-11-18,25.73,26.22,25.61,26.2,24.1892,5740149.0,0.0,CFG
912,2015-11-17,25.72,25.91,25.52,25.6,23.6352,4455494.0,0.0,CFG
913,2015-11-16,25.6,25.72,25.27,25.68,23.7091,6910850.0,0.0,CFG
914,2015-11-13,25.49,25.6,25.22,25.53,23.5706,9834203.0,0.0,CFG
915,2015-11-12,25.75,25.95,25.49,25.51,23.5521,8336209.0,0.0,CFG
916,2015-11-11,26.0,26.13,25.89,26.09,24.0876,6577571.0,0.0,CFG
917,2015-11-10,25.87,26.09,25.77,26.0,24.0045,14272576.0,0.0,CFG
918,2015-11-09,25.73,26.05,25.48,25.87,23.8845,10013793.0,0.0,CFG
919,2015-11-06,25.47,25.97,25.12,25.73,23.7552,16332334.0,0.0,CFG
920,2015-11-05,24.47,24.93,24.44,24.61,22.7212,10044551.0,0.0,CFG
921,2015-11-04,24.55,24.74,24.2,24.53,22.6473,11117454.0,0.0,CFG
922,2015-11-03,24.46,24.62,24.14,24.42,22.5458,6333828.0,0.1,CFG
923,2015-11-02,24.58,24.7,24.12,24.45,22.4814,14762883.0,0.0,CFG
924,2015-10-30,23.75,24.39,23.73,24.3,22.3435,50057616.0,0.0,CFG
925,2015-10-29,24.18,24.43,24.01,24.11,22.1688,4363424.0,0.0,CFG
926,2015-10-28,23.52,24.44,23.52,24.18,22.2331,5537429.0,0.0,CFG
927,2015-10-27,23.42,23.8,23.27,23.53,21.6355,4038042.0,0.0,CFG
928,2015-10-26,24.25,24.49,23.56,23.6,21.6998,4690049.0,0.0,CFG
929,2015-10-23,23.55,24.3,23.21,24.22,22.2699,9488362.0,0.0,CFG
930,2015-10-22,23.26,23.62,22.87,22.87,21.0286,9977712.0,0.0,CFG
931,2015-10-21,23.48,23.865,23.17,23.17,21.3045,3922984.0,0.0,CFG
932,2015-10-20,23.23,23.6,23.16,23.39,21.5068,4082217.0,0.0,CFG
933,2015-10-19,23.2,23.49,23.03,23.23,21.3596,3846652.0,0.0,CFG
934,2015-10-16,23.62,23.78,23.22,23.22,21.3504,4212344.0,0.0,CFG
935,2015-10-15,23.04,23.59,22.94,23.52,21.6263,3083891.0,0.0,CFG
936,2015-10-14,23.35,23.49,22.79,22.91,21.0654,2973536.0,0.0,CFG
937,2015-10-13,23.5,23.62,23.38,23.46,21.5711,2278114.0,0.0,CFG
938,2015-10-12,23.46,23.69,23.39,23.56,21.6631,1949132.0,0.0,CFG
939,2015-10-09,23.49,23.82,23.36,23.46,21.5711,3645113.0,0.0,CFG
940,2015-10-08,23.43,23.64,23.24,23.52,21.6263,4248742.0,0.0,CFG
941,2015-10-07,23.52,23.565,23.18,23.44,21.5527,4528843.0,0.0,CFG
942,2015-10-06,23.66,23.83,23.3,23.36,21.4792,3616485.0,0.0,CFG
943,2015-10-05,23.64,23.83,23.32,23.72,21.8102,6639618.0,0.0,CFG
944,2015-10-02,22.99,23.48,22.48,23.41,21.5251,7919401.0,0.0,CFG
945,2015-10-01,23.75,24.02,23.37,23.5,21.6079,3214144.0,0.0,CFG
946,2015-09-30,23.66,25.23,23.39,23.86,21.9389,5606812.0,0.0,CFG
947,2015-09-29,22.76,23.44,22.565,23.22,21.3504,5979255.0,0.0,CFG
948,2015-09-28,23.4,23.56,22.6,22.63,20.8079,5359736.0,0.0,CFG
949,2015-09-25,23.63,23.82,23.48,23.61,21.709,4083193.0,0.0,CFG
950,2015-09-24,23.06,23.32,23.0,23.24,21.3688,3495066.0,0.0,CFG
951,2015-09-23,23.75,23.79,23.275,23.34,21.4608,3662143.0,0.0,CFG
952,2015-09-22,23.5,23.67,23.42,23.6,21.6998,2220046.0,0.0,CFG
953,2015-09-21,23.95,24.14,23.72,23.9,21.9757,3422641.0,0.0,CFG
954,2015-09-18,23.69,23.99,23.22,23.75,21.8378,11030892.0,0.0,CFG
955,2015-09-17,24.84,24.96,23.68,24.04,22.1044,5433093.0,0.0,CFG
956,2015-09-16,24.93,25.06,24.635,24.88,22.8768,3541780.0,0.0,CFG
957,2015-09-15,24.45,25.14,24.422,25.03,23.0147,2882159.0,0.0,CFG
958,2015-09-14,24.28,24.67,24.25,24.41,22.4446,2459336.0,0.0,CFG
959,2015-09-11,24.3,24.54,24.06,24.32,22.3619,3544773.0,0.0,CFG
960,2015-09-10,24.3,24.6358,24.22,24.44,22.4722,2010768.0,0.0,CFG
961,2015-09-09,24.78,24.99,24.365,24.4,22.4354,3949782.0,0.0,CFG
962,2015-09-08,24.6,24.63,24.215,24.63,22.6469,3484881.0,0.0,CFG
963,2015-09-04,24.24,24.43,23.96,24.09,22.1504,2295028.0,0.0,CFG
964,2015-09-03,24.3,24.79,24.21,24.5,22.5274,3093782.0,0.0,CFG
965,2015-09-02,24.07,24.33,23.44,24.13,22.1872,5658439.0,0.0,CFG
966,2015-09-01,24.47,24.59,23.52,23.69,21.7826,5046606.0,0.0,CFG
967,2015-08-31,24.62,24.94,24.5,24.82,22.8216,3553069.0,0.0,CFG
968,2015-08-28,24.67,24.885,24.37,24.69,22.7021,3097233.0,0.0,CFG
969,2015-08-27,24.65,24.99,24.37,24.48,22.509,5251744.0,0.0,CFG
970,2015-08-26,24.0,24.45,23.45,24.19,22.2423,6358491.0,0.0,CFG
971,2015-08-25,23.8,24.08,23.07,23.1,21.2401,5607825.0,0.0,CFG
972,2015-08-24,23.58,24.1,21.14,23.03,21.1757,8454578.0,0.0,CFG
973,2015-08-21,25.02,25.11,24.57,24.57,22.5917,4203142.0,0.0,CFG
974,2015-08-20,26.05,26.29,25.33,25.33,23.2906,3193836.0,0.0,CFG
975,2015-08-19,26.43,26.57,26.23,26.26,24.1457,4322968.0,0.0,CFG
976,2015-08-18,26.29,26.58,26.19,26.56,24.4215,2415248.0,0.0,CFG
977,2015-08-17,26.31,26.48,26.08,26.28,24.1641,1746154.0,0.0,CFG
978,2015-08-14,26.26,26.42,26.13,26.38,24.256,1998548.0,0.0,CFG
979,2015-08-13,26.0,26.3,25.975,26.2,24.0905,4317352.0,0.0,CFG
980,2015-08-12,26.78,26.79,25.74,26.03,23.9342,6983480.0,0.0,CFG
981,2015-08-11,27.0,27.19,26.7,26.84,24.679,4909284.0,0.0,CFG
982,2015-08-10,27.01,27.26,26.9,27.19,25.0008,4443212.0,0.0,CFG
983,2015-08-07,26.53,26.82,26.31,26.7,24.5503,8973706.0,0.0,CFG
984,2015-08-06,26.77,26.84,26.43,26.65,24.5043,4042123.0,0.0,CFG
985,2015-08-05,26.49,26.84,26.41,26.66,24.5135,6478775.0,0.0,CFG
986,2015-08-04,26.05,26.44,25.9,26.27,24.1549,5120699.0,0.0,CFG
987,2015-08-03,26.18,26.5,26.0,26.03,23.9342,6981511.0,0.0,CFG
988,2015-07-31,26.56,26.6,25.98,26.07,23.971,9396444.0,0.0,CFG
989,2015-07-30,26.03,26.6299,25.6,26.49,24.3572,17805568.0,0.1,CFG
990,2015-07-29,26.1,26.33,26.0,26.0,23.8167,59753880.0,0.0,CFG
991,2015-07-28,25.8,26.36,25.74,26.17,23.9724,5610298.0,0.0,CFG
992,2015-07-27,26.02,26.13,25.68,25.94,23.7617,2544280.0,0.0,CFG
993,2015-07-24,26.48,26.65,26.12,26.15,23.9541,1993934.0,0.0,CFG
994,2015-07-23,27.06,27.3,26.37,26.45,24.2289,3075041.0,0.0,CFG
995,2015-07-22,26.69,27.255,26.614,27.04,24.7694,3829144.0,0.0,CFG
996,2015-07-21,26.53,27.58,25.48,26.72,24.4762,10366904.0,0.0,CFG
997,2015-07-20,27.93,28.17,27.87,27.96,25.6121,4131653.0,0.0,CFG
998,2015-07-17,28.08,28.1825,27.84,27.91,25.5663,3126686.0,0.0,CFG
999,2015-07-16,27.89,28.15,27.71,28.11,25.7495,2239731.0,0.0,CFG
1000,2015-07-15,27.75,28.0,27.62,27.8,25.4656,2356049.0,0.0,CFG
1001,2015-07-14,27.3,27.58,27.23,27.55,25.2365,3363214.0,0.0,CFG
1002,2015-07-13,27.5,27.7,27.19,27.25,24.9617,2075152.0,0.0,CFG
1003,2015-07-10,27.25,27.35,27.05,27.3,25.0075,1767485.0,0.0,CFG
1004,2015-07-09,26.91,27.03,26.8,26.98,24.7144,2196341.0,0.0,CFG
1005,2015-07-08,26.58,26.71,26.46,26.64,24.403,3601944.0,0.0,CFG
1006,2015-07-07,27.01,27.04,26.44,26.74,24.4946,3582608.0,0.0,CFG
1007,2015-07-06,26.93,27.04,26.67,27.01,24.7419,3391988.0,0.0,CFG
1008,2015-07-02,27.43,27.47,26.92,27.15,24.8701,2158019.0,0.0,CFG
1009,2015-07-01,27.53,27.74,27.34,27.44,25.1358,2838202.0,0.0,CFG
1010,2015-06-30,27.21,27.87,26.985,27.31,25.0167,5545328.0,0.0,CFG
1011,2015-06-29,27.21,27.39,26.8,26.93,24.6686,3022453.0,0.0,CFG
1012,2015-06-26,27.37,27.615,27.26,27.54,25.2274,9588333.0,0.0,CFG
1013,2015-06-25,27.95,28.04,27.28,27.38,25.0808,5014804.0,0.0,CFG
1014,2015-06-24,28.1,28.32,27.985,28.05,25.6946,2675558.0,0.0,CFG
1015,2015-06-23,28.38,28.53,28.06,28.19,25.8228,5113357.0,0.0,CFG
1016,2015-06-22,28.39,28.54,28.17,28.27,25.8961,3695464.0,0.0,CFG
1017,2015-06-19,28.12,28.46,28.02,28.19,25.8228,29234651.0,0.0,CFG
1018,2015-06-18,28.0,28.12,27.6,28.07,25.7129,6168345.0,0.0,CFG
1019,2015-06-17,28.33,28.41,27.84,27.91,25.5663,6830814.0,0.0,CFG
1020,2015-06-16,27.85,28.29,27.73,28.25,25.8778,5020125.0,0.0,CFG
1021,2015-06-15,27.37,27.99,27.36,27.91,25.5663,6175987.0,0.0,CFG
1022,2015-06-12,27.5,27.64,27.33,27.54,25.2274,8410215.0,0.0,CFG
1023,2015-06-11,28.09,28.17,27.46,27.52,25.2091,10332566.0,0.0,CFG
1024,2015-06-10,28.2,28.31,27.83,28.0,25.6488,7645820.0,0.0,CFG
1025,2015-06-09,28.01,28.09,27.3,28.08,25.722,8313385.0,0.0,CFG
1026,2015-06-08,28.39,28.71,28.0,28.04,25.6854,11997263.0,0.0,CFG
1027,2015-06-05,27.79,28.35,27.3,28.32,25.9419,7049847.0,0.0,CFG
1028,2015-06-04,27.53,27.87,27.53,27.75,25.4198,6119249.0,0.0,CFG
1029,2015-06-03,27.29,27.67,27.24,27.62,25.3007,6359355.0,0.0,CFG
1030,2015-06-02,27.0,27.34,26.95,27.19,24.9068,3798469.0,0.0,CFG
1031,2015-06-01,26.91,27.025,26.72,26.95,24.6869,4060531.0,0.0,CFG
1032,2015-05-29,26.89,26.95,26.565,26.84,24.5862,11662129.0,0.0,CFG
1033,2015-05-28,26.77,26.92,26.58,26.83,24.577,3074931.0,0.0,CFG
1034,2015-05-27,26.765,26.92,26.59,26.77,24.522,4423323.0,0.0,CFG
1035,2015-05-26,26.87,26.99,26.66,26.7,24.4579,5931036.0,0.0,CFG
1036,2015-05-22,26.83,26.99,26.7,26.92,24.6594,3185352.0,0.0,CFG
1037,2015-05-21,26.76,26.91,26.46,26.84,24.5862,5403619.0,0.0,CFG
1038,2015-05-20,26.65,26.95,26.64,26.75,24.5037,3430864.0,0.0,CFG
1039,2015-05-19,26.02,26.89,25.94,26.86,24.6045,3279750.0,0.0,CFG
1040,2015-05-18,25.99,26.38,25.89,26.3,24.0915,2182513.0,0.0,CFG
1041,2015-05-15,26.45,26.582,25.9,25.93,23.7526,2266920.0,0.0,CFG
1042,2015-05-14,26.48,26.59,26.14,26.48,24.2564,2561327.0,0.0,CFG
1043,2015-05-13,26.29,26.41,25.99,26.23,24.0274,3532424.0,0.0,CFG
1044,2015-05-12,26.02,26.25,25.96,26.15,23.9541,3526312.0,0.0,CFG
1045,2015-05-11,25.83,26.19,25.83,26.07,23.8808,4875078.0,0.0,CFG
1046,2015-05-08,26.19,26.242,25.57,25.81,23.6427,3298154.0,0.0,CFG
1047,2015-05-07,25.82,25.96,25.61,25.95,23.7709,2998342.0,0.0,CFG
1048,2015-05-06,26.29,26.432,25.78,25.85,23.6793,2614496.0,0.0,CFG
1049,2015-05-05,26.23,26.47,26.14,26.24,24.0366,2164075.0,0.0,CFG
1050,2015-05-04,26.05,26.38,25.97,26.3,24.0915,1626037.0,0.0,CFG
1051,2015-05-01,26.15,26.302,25.91,25.98,23.7984,2090668.0,0.1,CFG
1052,2015-04-30,25.99,26.18,25.68,26.05,23.771,2700344.0,0.0,CFG
1053,2015-04-29,25.63,26.29,25.6,26.09,23.8075,3516940.0,0.0,CFG
1054,2015-04-28,25.53,25.825,25.39,25.78,23.5246,2557577.0,0.0,CFG
1055,2015-04-27,25.7,25.84,25.48,25.48,23.2509,4843454.0,0.0,CFG
1056,2015-04-24,25.66,25.72,25.28,25.57,23.333,1918430.0,0.0,CFG
1057,2015-04-23,25.66,25.74,25.28,25.64,23.3969,2450858.0,0.0,CFG
1058,2015-04-22,25.5,25.98,24.92,25.49,23.26,3563199.0,0.0,CFG
1059,2015-04-21,25.19,25.46,24.96,25.04,22.8494,3493921.0,0.0,CFG
1060,2015-04-20,25.19,25.28,24.97,25.11,22.9132,2630029.0,0.0,CFG
1061,2015-04-17,25.36,25.41,25.04,25.12,22.9224,1303817.0,0.0,CFG
1062,2015-04-16,25.6,25.63,25.2,25.49,23.26,1970965.0,0.0,CFG
1063,2015-04-15,25.15,25.66,25.02,25.6,23.3604,3701309.0,0.0,CFG
1064,2015-04-14,25.15,25.25,25.02,25.14,22.9406,1860841.0,0.0,CFG
1065,2015-04-13,25.19,25.46,24.98,25.45,23.2235,4462650.0,0.0,CFG
1066,2015-04-10,25.03,25.3,24.97,25.11,22.9132,2606743.0,0.0,CFG
1067,2015-04-09,25.0,25.14,24.93,25.04,22.8494,3585019.0,0.0,CFG
1068,2015-04-08,25.0,25.09,24.88,25.0,22.8129,4441601.0,0.0,CFG
1069,2015-04-07,24.73,25.0,24.7,24.9,22.7216,5752758.0,0.0,CFG
1070,2015-04-06,24.48,24.8,24.28,24.75,22.5847,3718418.0,0.0,CFG
1071,2015-04-02,24.34,24.68,24.25,24.62,22.4661,6024784.0,0.0,CFG
1072,2015-04-01,24.15,24.46,24.03,24.36,22.2289,5348903.0,0.0,CFG
1073,2015-03-31,24.22,24.29,24.04,24.13,22.019,3946570.0,0.0,CFG
1074,2015-03-30,24.5,24.68,24.16,24.32,22.1924,5463482.0,0.0,CFG
1075,2015-03-27,24.11,24.54,24.1,24.48,22.3384,9244264.0,0.0,CFG
1076,2015-03-26,24.04,24.29,23.83,24.12,22.0099,62491480.0,0.0,CFG
1077,2015-03-25,24.27,24.43,23.84,24.0,21.9004,5000096.0,0.0,CFG
1078,2015-03-24,24.7,24.92,24.24,24.32,22.1924,2657602.0,0.0,CFG
1079,2015-03-23,24.85,25.24,24.51,24.76,22.5939,3773274.0,0.0,CFG
1080,2015-03-20,24.78,25.02,24.74,24.8,22.6304,6594055.0,0.0,CFG
1081,2015-03-19,25.0,25.19,24.495,24.8,22.6304,1824580.0,0.0,CFG
1082,2015-03-18,25.45,25.84,25.1,25.19,22.9862,1288586.0,0.0,CFG
1083,2015-03-17,25.18,25.61,24.9,25.6,23.3604,1225220.0,0.0,CFG
1084,2015-03-16,24.93,25.32,24.77,25.31,23.0957,1186824.0,0.0,CFG
1085,2015-03-13,25.17,25.23,24.43,24.77,22.603,3480912.0,0.0,CFG
1086,2015-03-12,25.12,25.78,24.99,25.49,23.26,2143342.0,0.0,CFG
1087,2015-03-11,25.0,25.2699,25.0,25.11,22.9132,837650.0,0.0,CFG
1088,2015-03-10,24.95,25.2,24.79,25.0,22.8129,1434336.0,0.0,CFG
1089,2015-03-09,25.47,25.5347,25.11,25.23,23.0227,1890638.0,0.0,CFG
1090,2015-03-06,25.03,25.8,24.95,25.5,23.2691,1542156.0,0.0,CFG
1091,2015-03-05,24.89,25.32,24.61,25.3,23.0866,1959248.0,0.0,CFG
1092,2015-03-04,24.99,24.99,24.5,24.9,22.7216,1781542.0,0.0,CFG
1093,2015-03-03,24.82,25.05,24.58,25.04,22.8494,905544.0,0.0,CFG
1094,2015-03-02,24.8,25.18,24.62,24.85,22.676,1408937.0,0.0,CFG
1095,2015-02-27,24.8,24.9999,24.71,24.84,22.6669,468546.0,0.0,CFG
1096,2015-02-26,24.94,24.995,24.61,24.85,22.676,702911.0,0.0,CFG
1097,2015-02-25,24.87,25.0,24.72,24.96,22.7764,612615.0,0.0,CFG
1098,2015-02-24,24.86,25.07,24.77,24.93,22.749,530683.0,0.0,CFG
1099,2015-02-23,25.1,25.1,24.675,24.91,22.7307,743580.0,0.0,CFG
1100,2015-02-20,25.1,25.26,24.862,25.25,23.041,744802.0,0.0,CFG
1101,2015-02-19,25.02,25.22,24.85,25.02,22.8311,896846.0,0.0,CFG
1102,2015-02-18,25.63,25.63,25.06,25.21,23.0045,1783474.0,0.0,CFG
1103,2015-02-17,25.71,25.74,25.26,25.56,23.3239,1807100.0,0.0,CFG
1104,2015-02-13,25.28,25.67,25.14,25.45,23.2235,1164524.0,0.0,CFG
1105,2015-02-12,24.8,25.37,24.75,25.33,23.114,985050.0,0.0,CFG
1106,2015-02-11,24.88,25.0,24.55,24.97,22.7855,1393061.0,0.0,CFG
1107,2015-02-10,24.73,24.96,24.53,24.82,22.6486,1384891.0,0.0,CFG
1108,2015-02-09,24.48,24.53,24.11,24.26,22.1376,781608.0,0.0,CFG
1109,2015-02-06,24.41,25.0,24.22,24.5,22.3566,1748389.0,0.0,CFG
1110,2015-02-05,24.09,24.41,23.98,24.35,22.2197,984601.0,0.0,CFG
1111,2015-02-04,24.27,24.38,23.93,24.01,21.9095,1102434.0,0.0,CFG
1112,2015-02-03,23.91,24.45,23.8,24.29,22.165,1351750.0,0.1,CFG
1113,2015-02-02,23.85,24.16,23.69,24.0,21.8106,1445837.0,0.0,CFG
1114,2015-01-30,24.1,24.24,23.81,23.9,21.7197,1882316.0,0.0,CFG
1115,2015-01-29,23.92,24.35,23.26,24.24,22.0287,1818610.0,0.0,CFG
1116,2015-01-28,24.17,24.35,23.84,23.86,21.6833,1301860.0,0.0,CFG
1117,2015-01-27,23.86,24.64,23.7601,24.15,21.9469,1308167.0,0.0,CFG
1118,2015-01-26,23.75,24.31,23.53,24.09,21.8923,1167764.0,0.0,CFG
1119,2015-01-23,24.04,24.04,23.67,23.71,21.547,656610.0,0.0,CFG
1120,2015-01-22,23.3,24.16,23.28,24.14,21.9378,486535.0,0.0,CFG
1121,2015-01-21,23.07,23.59,23.01,23.28,21.1562,787349.0,0.0,CFG
1122,2015-01-20,23.16,23.85,22.91,23.1,20.9927,1742114.0,0.0,CFG
1123,2015-01-16,22.83,23.24,22.79,23.19,21.0745,1951966.0,0.0,CFG
1124,2015-01-15,23.37,23.61,22.67,22.96,20.8654,1558030.0,0.0,CFG
1125,2015-01-14,23.6,23.744,23.1,23.44,21.3016,962525.0,0.0,CFG
1126,2015-01-13,23.94,24.19,23.61,23.87,21.6924,990061.0,0.0,CFG
1127,2015-01-12,23.8,24.04,23.62,23.88,21.7015,941126.0,0.0,CFG
1128,2015-01-09,24.15,24.18,23.78,23.89,21.7106,718867.0,0.0,CFG
1129,2015-01-08,24.07,24.48,23.94,24.18,21.9741,661452.0,0.0,CFG
1130,2015-01-07,23.99,24.13,23.79,24.0,21.8106,1160199.0,0.0,CFG
1131,2015-01-06,24.17,24.22,23.7,23.91,21.7288,2075044.0,0.0,CFG
1132,2015-01-05,24.58,24.68,23.84,24.18,21.9741,1330389.0,0.0,CFG
1133,2015-01-02,24.97,25.0,24.29,24.76,22.5012,643550.0,0.0,CFG
1134,2014-12-31,25.25,25.285,24.83,24.86,22.5921,621617.0,0.0,CFG
1135,2014-12-30,25.46,25.5,25.16,25.19,22.892,511820.0,0.0,CFG
1136,2014-12-29,25.2,25.51,25.18,25.37,23.0556,1070954.0,0.0,CFG
1137,2014-12-26,25.51,25.51,25.25,25.31,23.0011,304036.0,0.0,CFG
1138,2014-12-24,25.45,25.59,25.18,25.51,23.1828,547225.0,0.0,CFG
1139,2014-12-23,25.31,25.5,25.12,25.44,23.1192,1174551.0,0.0,CFG
1140,2014-12-22,25.16,25.2786,24.66,25.1,22.8102,1689581.0,0.0,CFG
1141,2014-12-19,25.04,25.6,24.84,25.0,22.7193,7523121.0,0.0,CFG
1142,2014-12-18,24.75,25.14,24.68,25.08,22.792,1768470.0,0.0,CFG
1143,2014-12-17,24.22,24.8,24.22,24.56,22.3195,2160460.0,0.0,CFG
1144,2014-12-16,24.53,24.875,24.22,24.25,22.0378,1314152.0,0.0,CFG
1145,2014-12-15,24.68,24.805,24.27,24.49,22.2559,1175223.0,0.0,CFG
1146,2014-12-12,24.52,24.83,24.4,24.46,22.2286,950809.0,0.0,CFG
1147,2014-12-11,24.85,25.28,24.51,24.69,22.4376,1709147.0,0.0,CFG
1148,2014-12-10,25.15,25.41,24.62,24.65,22.4013,630958.0,0.0,CFG
1149,2014-12-09,24.71,25.33,24.5,25.16,22.8647,1141758.0,0.0,CFG
1150,2014-12-08,25.08,25.14,24.68,25.04,22.7557,2244927.0,0.0,CFG
1151,2014-12-05,24.45,25.22,24.45,25.15,22.8556,1008380.0,0.0,CFG
1152,2014-12-04,24.32,24.56,24.09,24.4,22.1741,1433907.0,0.0,CFG
1153,2014-12-03,24.33,24.59,24.19,24.23,22.0196,1854537.0,0.0,CFG
1154,2014-12-02,24.02,24.43,23.8,24.2,21.9923,1369272.0,0.0,CFG
1155,2014-12-01,24.62,24.895,23.49,23.98,21.7924,2282591.0,0.0,CFG
1156,2014-11-28,24.22,25.09,24.05,24.63,22.3831,713406.0,0.0,CFG
1157,2014-11-26,24.11,24.27,23.92,24.23,22.0196,703711.0,0.0,CFG
1158,2014-11-25,24.24,24.3,24.02,24.03,21.8378,701615.0,0.0,CFG
1159,2014-11-24,23.8,24.36,23.68,24.25,22.0378,836847.0,0.0,CFG
1160,2014-11-21,23.95,24.21,23.695,23.77,21.6015,725247.0,0.0,CFG
1161,2014-11-20,23.57,23.87,23.5001,23.71,21.547,745775.0,0.0,CFG
1162,2014-11-19,23.8,24.0,23.51,23.72,21.5561,812772.0,0.0,CFG
1163,2014-11-18,24.04,24.04,23.71,23.73,21.5652,586010.0,0.0,CFG
1164,2014-11-17,24.11,24.11,23.56,24.0,21.8106,992390.0,0.0,CFG
1165,2014-11-14,23.74,24.0,23.74,23.96,21.7742,1111501.0,0.0,CFG
1166,2014-11-13,23.62,23.96,23.58,23.82,21.647,1149713.0,0.0,CFG
1167,2014-11-12,23.75,23.98,23.51,23.86,21.6833,940834.0,0.0,CFG
1168,2014-11-11,23.97,24.22,23.75,23.94,21.756,658274.0,0.0,CFG
1169,2014-11-10,24.04,24.25,23.75,23.95,21.7651,1531257.0,0.0,CFG
1170,2014-11-07,24.48,24.48,23.96,23.97,21.7833,600659.0,0.0,CFG
1171,2014-11-06,23.79,24.46,23.75,24.3,22.0832,1010740.0,0.0,CFG
1172,2014-11-05,23.8,23.95,23.55,23.9,21.7197,1097594.0,0.0,CFG
1173,2014-11-04,23.74,23.91,23.43,23.6,21.4471,1474474.0,0.1,CFG
1174,2014-11-03,23.49,24.0,23.16,24.0,21.7185,1826936.0,0.0,CFG
1175,2014-10-31,23.59,23.92,23.37,23.62,21.3747,1238628.0,0.0,CFG
1176,2014-10-30,23.62,23.96,23.58,23.82,21.5556,1153487.0,0.0,CFG
1177,2014-10-29,23.35,23.53,23.2,23.48,21.248,1302330.0,0.0,CFG
1178,2014-10-28,23.16,23.59,22.93,23.28,21.067,1500595.0,0.0,CFG
1179,2014-10-27,23.15,23.19,22.725,22.85,20.6779,2898819.0,0.0,CFG
1180,2014-10-24,23.32,23.49,22.77,23.18,20.9765,1357806.0,0.0,CFG
1181,2014-10-23,22.97,23.08,22.59,23.03,20.8407,1154177.0,0.0,CFG
1182,2014-10-22,22.78,23.0,22.4025,22.6,20.4516,884653.0,0.0,CFG
1183,2014-10-21,22.11,22.93,22.11,22.82,20.6507,1165506.0,0.0,CFG
1184,2014-10-20,21.82,22.38,21.82,22.38,20.2525,1870599.0,0.0,CFG
1185,2014-10-17,21.89,22.07,21.73,21.92,19.8363,2750608.0,0.0,CFG
1186,2014-10-16,21.51,21.95,21.47,21.8,19.7277,3105758.0,0.0,CFG
1187,2014-10-15,22.13,22.2,21.5,21.85,19.7729,3405401.0,0.0,CFG
1188,2014-10-14,22.5,22.79,22.3,22.45,20.3159,1605776.0,0.0,CFG
1189,2014-10-13,22.13,22.66,22.12,22.45,20.3159,1382774.0,0.0,CFG
1190,2014-10-10,22.39,22.56,22.135,22.28,20.162,924069.0,0.0,CFG
1191,2014-10-09,23.0,23.0,22.24,22.48,20.343,1229058.0,0.0,CFG
1192,2014-10-08,22.11,23.15,22.11,22.75,20.5874,1649208.0,0.0,CFG
1193,2014-10-07,22.56,22.74,22.26,22.52,20.3792,1508726.0,0.0,CFG
1194,2014-10-06,23.28,23.37,22.61,22.64,20.4878,1208403.0,0.0,CFG
1195,2014-10-03,23.38,23.47,23.01,23.23,21.0217,1585901.0,0.0,CFG
1196,2014-10-02,23.34,23.59,23.303,23.34,21.1213,3121384.0,0.0,CFG
1197,2014-10-01,23.22,23.61,23.11,23.44,21.2118,3915508.0,0.0,CFG
1198,2014-09-30,23.11,23.57,23.05,23.42,21.1937,4103103.0,0.0,CFG
1199,2014-09-29,23.14,23.45,22.91,23.23,21.0217,4832586.0,0.0,CFG
1200,2014-09-26,23.18,23.37,22.91,23.25,21.0398,2504353.0,0.0,CFG
1201,2014-09-25,22.56,23.41,22.45,23.05,20.8588,8430006.0,0.0,CFG
1202,2014-09-24,21.5,23.22,21.35,23.08,20.886,60428679.0,0.0,CFG
